VendorID,tpep_pickup_datetime,tpep_dropoff_datetime,passenger_count,trip_distance,pickup_longitude,pickup_latitude,RateCodeID,store_and_fwd_flag,dropoff_longitude,dropoff_latitude,payment_type,fare_amount,extra,mta_tax,tip_amount,tolls_amount,improvement_surcharge,total_amount
1,2015-01-15 22:25:18,2015-01-15 22:28:34,1,.60,-73.982009887695313,40.778377532958984,1,Y,-73.988990783691406,40.777034759521484,1,4,0.5,0.5,1,0,0.3,6.3
2,2015-01-15 22:18:06,2015-01-15 22:28:50,1,2.23,-73.931259155273437,40.672420501708984,1,N,-73.969207763671875,40.676540374755859,1,9.5,0.5,0.5,2.5,0,0.3,13.3
2,2015-01-15 22:18:07,2015-01-15 22:28:25,1,2.44,-74.010429382324219,40.709129333496094,1,N,-74.008430480957031,40.736980438232422,1,9.5,0.5,0.5,2,0,0.3,12.8
1,2015-01-15 22:00:05,2015-01-15 22:28:33,4,9.10,-73.965423583984375,40.769210815429687,1,N,-73.998741149902344,40.676605224609375,1,29.5,0.5,0.5,6.15,0,0.3,36.95
2,2015-01-15 22:18:10,2015-01-15 22:28:58,1,2.23,-73.982627868652344,40.764141082763672,1,N,-73.969673156738281,40.789665222167969,1,10.5,0.5,0.5,2.25,0,0.3,14.05
1,2015-01-15 22:25:36,2015-01-15 22:28:57,1,.60,-74.004539489746094,40.752162933349609,1,N,-73.994850158691406,40.750114440917969,2,4.5,0.5,0.5,0,0,0.3,5.8
2,2015-01-15 22:18:19,2015-01-15 22:28:38,1,1.24,-73.987556457519531,40.735908508300781,1,N,-73.978523254394531,40.729816436767578,1,8,0.5,0.5,1.7,0,0.3,11
2,2015-01-15 21:57:48,2015-01-15 22:28:53,2,3.63,-73.995216369628906,40.725269317626953,1,N,-73.981216430664063,40.765510559082031,1,16,0.5,0.5,3.3,0,0.3,20.6
2,2015-01-15 22:18:22,2015-01-15 22:28:37,1,2.02,-73.973808288574219,40.753829956054688,1,N,-73.974136352539062,40.731609344482422,1,9,0.5,0.5,1.9,0,0.3,12.2
2,2015-01-15 22:18:24,2015-01-15 22:28:39,1,2.13,-74.004959106445312,40.71856689453125,1,N,-73.99627685546875,40.7388916015625,1,9.5,0.5,0.5,2,0,0.3,12.8
1,2015-01-15 22:25:47,2015-01-15 22:28:53,4,.70,-73.988914489746094,40.758319854736328,1,N,-73.982398986816406,40.767234802246094,2,4.5,0.5,0.5,0,0,0.3,5.8
2,2015-01-15 21:57:53,2015-01-15 22:28:56,1,19.88,-73.792427062988281,40.645053863525391,2,N,-73.971595764160156,40.782169342041016,1,52,0,0.5,11.47,5.33,0.3,69.6
2,2015-01-15 22:04:38,2015-01-15 22:28:32,5,5.88,-73.991943359375,40.738273620605469,1,N,-73.956611633300781,40.677013397216797,1,21.5,0.5,0.5,4.4,0,0.3,27.2
2,2015-01-15 22:04:40,2015-01-15 22:28:05,1,6.18,-73.991104125976563,40.733699798583984,1,N,-73.974563598632812,40.795871734619141,1,22,0.5,0.5,3,0,0.3,26.3
2,2015-01-15 22:18:30,2015-01-15 22:28:15,1,1.73,-73.978202819824219,40.755802154541016,1,N,-73.989517211914062,40.774436950683594,1,9,0.5,0.5,1,0,0.3,11.3
1,2015-01-15 22:25:58,2015-01-15 22:28:42,1,.60,-74.014961242675781,40.714576721191406,1,N,-74.017585754394531,40.708034515380859,1,4.5,0.5,0.5,1.15,0,0.3,6.95
2,2015-01-15 22:04:53,2015-01-15 22:28:15,2,13.33,-73.78887939453125,40.642185211181641,1,N,-73.849151611328125,40.791603088378906,2,37,0.5,0.5,0,0,0.3,38.3
2,2015-01-15 22:18:40,2015-01-15 22:28:09,4,2.29,-73.976600646972656,40.753890991210937,1,N,-73.980979919433594,40.777572631835938,1,9.5,0.5,0.5,2,0,0.3,12.8
2,2015-01-15 22:18:41,2015-01-15 22:28:26,1,1.16,0,0,1,N,0,0,1,8,0.5,0.5,1.7,0,0.3,11
2,2015-01-15 22:18:44,2015-01-15 22:28:04,1,1.49,-73.978828430175781,40.761013031005859,1,N,-73.989028930664062,40.774387359619141,1,8.5,0.5,0.5,1.8,0,0.3,11.6
2,2015-01-15 22:08:25,2015-01-15 22:28:02,4,9.83,-74.012710571289063,40.702255249023438,1,N,-73.956901550292969,40.802513122558594,1,28.5,0.5,0.5,5.8,0,0.3,35.6
2,2015-01-15 22:18:46,2015-01-15 22:28:44,2,1.74,-74.003311157226563,40.738880157470703,1,N,-73.981407165527344,40.741195678710938,1,9,0.5,0.5,1,0,0.3,11.3
2,2015-01-15 22:18:50,2015-01-15 22:28:32,3,2.04,-73.988227844238281,40.723407745361328,1,N,-73.9923095703125,40.743553161621094,2,9,0.5,0.5,0,0,0.3,10.3
2,2015-01-15 22:23:25,2015-01-15 22:28:13,5,.61,-73.98712158203125,40.754405975341797,1,N,-73.9931640625,40.755195617675781,1,5,0.5,0.5,1.1,0,0.3,7.4
1,2015-01-15 22:26:10,2015-01-15 22:28:42,1,.70,-73.974533081054687,40.752906799316406,1,N,-73.980888366699219,40.744579315185547,2,4.5,0.5,0.5,0,0,0.3,5.8
2,2015-01-15 22:08:29,2015-01-15 22:28:43,1,3.22,-74.009765625,40.722225189208984,1,N,-73.979072570800781,40.752670288085938,2,15,0.5,0.5,0,0,0.3,16.3
2,2015-01-15 22:18:52,2015-01-15 22:28:09,1,2.64,-73.988922119140625,40.718963623046875,1,N,-73.9449462890625,40.702430725097656,1,10.5,0.5,0.5,2.2,0,0.3,14
2,2015-01-15 22:23:29,2015-01-15 22:28:18,1,.72,-73.984336853027344,40.74432373046875,1,N,-73.979255676269531,40.752483367919922,1,5.5,0.5,0.5,1.2,0,0.3,8
2,2015-01-15 22:24:54,2015-01-15 22:28:43,5,.65,-73.982513427734375,40.725658416748047,1,N,-73.990455627441406,40.724712371826172,1,4.5,0.5,0.5,2.25,0,0.3,8.05
1,2015-01-15 22:26:15,2015-01-15 22:28:42,2,.40,-73.987464904785156,40.719776153564453,1,N,-73.982986450195313,40.722496032714844,2,3.5,0.5,0.5,0,0,0.3,4.8
2,2015-01-15 22:23:34,2015-01-15 22:28:32,1,.85,-73.992897033691406,40.751876831054688,1,N,-73.980766296386719,40.750560760498047,1,5.5,0.5,0.5,1.8,0,0.3,8.6
2,2015-01-15 22:25:01,2015-01-15 22:28:13,1,.68,-73.97222900390625,40.747501373291016,1,N,-73.980422973632813,40.744491577148438,1,4.5,0.5,0.5,1,0,0.3,6.8
1,2015-01-15 22:26:24,2015-01-15 22:28:52,1,.70,-73.985984802246094,40.746318817138672,1,N,-73.995170593261719,40.744064331054688,1,4.5,0.5,0.5,1.15,0,0.3,6.95
1,2015-01-15 22:26:26,2015-01-15 22:28:14,1,.70,-74.007057189941406,40.743495941162109,1,N,-74.005607604980469,40.750858306884766,1,4,0.5,0.5,1,0,0.3,6.3
2,2015-01-15 22:08:41,2015-01-15 22:28:12,1,4.67,-73.998321533203125,40.750202178955078,1,N,-73.969161987304688,40.800945281982422,1,17.5,0.5,0.5,5.4,0,0.3,24.2
2,2015-01-15 22:08:42,2015-01-15 22:28:15,1,9.04,-73.9744873046875,40.78338623046875,1,N,-73.914970397949219,40.888721466064453,1,26.5,0.5,0.5,7.36,2.44,0.3,37.6
2,2015-01-15 22:19:04,2015-01-15 22:28:04,3,1.56,-73.970878601074219,40.758026123046875,1,N,-73.953277587890625,40.764785766601563,2,8,0.5,0.5,0,0,0.3,9.3
2,2015-01-15 22:19:05,2015-01-15 22:28:13,3,1.16,-74.004539489746094,40.721439361572266,1,N,-73.989860534667969,40.726398468017578,1,7.5,0.5,0.5,1.6,0,0.3,10.4
2,2015-01-15 22:23:41,2015-01-15 22:28:40,5,.79,-73.973556518554688,40.756477355957031,1,N,-73.973098754882812,40.748092651367188,1,5.5,0.5,0.5,1.5,0,0.3,8.3
2,2015-01-15 22:08:46,2015-01-15 22:28:16,2,7.09,-73.960739135742188,40.772289276123047,1,N,-74.007240295410156,40.715938568115234,1,23,0.5,0.5,4.7,0,0.3,29
2,2015-01-15 22:08:49,2015-01-15 22:28:40,1,4.38,-73.999031066894531,40.734485626220703,1,N,-73.953132629394531,40.772590637207031,1,16.5,0.5,0.5,3.4,0,0.3,21.2
2,2015-01-15 22:19:09,2015-01-15 22:28:08,5,3.88,-73.979598999023437,40.687252044677734,1,N,-73.943740844726563,40.718238830566406,1,13,0.5,0.5,2.7,0,0.3,17
2,2015-01-15 22:23:46,2015-01-15 22:28:14,2,1.57,-73.954208374023437,40.787071228027344,1,N,-73.939102172851563,40.805057525634766,2,6.5,0.5,0.5,0,0,0.3,7.8
2,2015-01-15 22:25:13,2015-01-15 22:28:05,5,.47,-73.980842590332031,40.729881286621094,1,N,-73.977851867675781,40.725635528564453,2,4,0.5,0.5,0,0,0.3,5.3
1,2015-01-15 22:26:41,2015-01-15 22:28:50,2,.50,-73.994773864746094,40.7606201171875,1,N,-73.989997863769531,40.767074584960938,1,4,0.5,0.5,1.05,0,0.3,6.35
2,2015-01-15 22:19:14,2015-01-15 22:28:43,5,2.01,-73.994422912597656,40.74591064453125,1,N,-73.989791870117187,40.725799560546875,2,9,0.5,0.5,0,0,0.3,10.3
2,2015-01-15 22:23:52,2015-01-15 22:28:51,1,1.06,-73.976356506347656,40.744136810302734,1,N,-73.971542358398438,40.750751495361328,2,6,0.5,0.5,0,0,0.3,7.3
2,2015-01-15 22:23:54,2015-01-15 22:28:31,1,.78,-73.991668701171875,40.731117248535156,1,N,-73.988555908203125,40.724216461181641,2,5,0.5,0.5,0,0,0.3,6.3
2,2015-01-15 22:23:54,2015-01-15 22:28:50,1,.88,-73.997970581054688,40.724136352539062,1,N,-73.991470336914063,40.719451904296875,1,5.5,0.5,0.5,1.2,0,0.3,8
1,2015-01-15 22:26:44,2015-01-15 22:28:37,1,.20,-73.946937561035156,40.775947570800781,1,N,-73.948837280273438,40.776725769042969,3,3.5,0.5,0.5,0,0,0.3,4.8
2,2015-01-15 22:08:59,2015-01-15 22:28:41,1,3.53,-73.995559692382813,40.749149322509766,1,N,-73.955978393554688,40.772830963134766,1,15,0.5,0.5,3.1,0,0.3,19.4
2,2015-01-15 22:09:00,2015-01-15 22:28:38,1,6.92,-73.979339599609375,40.749885559082031,1,N,-73.98516845703125,40.688743591308594,1,22,0.5,0.5,4.5,0,0.3,27.8
2,2015-01-15 22:19:17,2015-01-15 22:28:51,1,2.63,-73.966819763183594,40.756706237792969,1,N,-73.9542236328125,40.786903381347656,1,10,0.5,0.5,2.1,0,0.3,13.4
2,2015-01-15 22:19:20,2015-01-15 22:28:17,5,1.85,-73.97528076171875,40.787971496582031,1,N,-73.946853637695313,40.776180267333984,1,9,0.5,0.5,1.9,0,0.3,12.2
2,2015-01-15 22:24:05,2015-01-15 22:28:50,1,1.89,-73.982170104980469,40.777450561523438,1,N,-73.967796325683594,40.800495147705078,1,7,0.5,0.5,1.5,0,0.3,9.8
2,2015-01-15 22:24:05,2015-01-15 22:28:20,2,.98,-73.952278137207031,40.787235260009766,1,N,-73.952850341796875,40.776721954345703,2,5.5,0.5,0.5,0,0,0.3,6.8
1,2015-01-15 22:26:55,2015-01-15 22:28:49,2,.30,-74.008186340332031,40.716594696044922,1,N,-74.008552551269531,40.713268280029297,2,3.5,0.5,0.5,0,0,0.3,4.8
2,2015-01-15 22:24:07,2015-01-15 22:28:20,1,.71,-73.986724853515625,40.757545471191406,1,N,-73.986724853515625,40.757545471191406,2,5,0.5,0.5,0,0,0.3,6.3
2,2015-01-15 22:05:13,2015-01-15 22:28:34,1,9.93,-73.86383056640625,40.76953125,1,N,-73.973823547363281,40.783756256103516,1,29.5,0.5,0.5,7.07,5.33,0.3,43.2
2,2015-01-15 22:24:23,2015-01-15 22:28:26,1,1.02,-73.994636535644531,40.765846252441406,1,N,-73.991966247558594,40.756320953369141,2,5.5,0.5,0.5,0,0,0.3,6.8
2,2015-01-15 22:27:11,2015-01-15 22:28:15,1,11.94,-73.980682373046875,40.761848449707031,5,N,-73.976448059082031,40.760379791259766,2,0.01,0,0,0,0,0.3,0.31
2,2015-01-15 22:09:27,2015-01-15 22:28:22,1,9.23,-73.874473571777344,40.774078369140625,1,N,-73.782264709472656,40.705066680908203,1,27.5,0.5,0.5,5.6,0,0.3,34.4
2,2015-01-15 22:09:29,2015-01-15 22:28:14,5,3.58,-73.959236145019531,40.763126373291016,1,N,-74.003021240234375,40.752182006835938,1,15.5,0.5,0.5,2,0,0.3,18.8
2,2015-01-15 22:24:29,2015-01-15 22:28:39,1,.72,-73.957481384277344,40.700878143310547,1,N,-73.963569641113281,40.70867919921875,2,5,0.5,0.5,0,0,0.3,6.3
2,2015-01-15 22:24:30,2015-01-15 22:28:58,1,.87,-73.991218566894531,40.727798461914063,1,N,-73.985618591308594,40.738170623779297,1,5.5,0.5,0.5,1.5,0,0.3,8.3
2,2015-01-15 22:24:31,2015-01-15 22:28:14,1,.94,-73.985176086425781,40.732063293457031,1,N,-73.976882934570313,40.724048614501953,1,5,0.5,0.5,1.1,0,0.3,7.4
2,2015-01-15 22:24:33,2015-01-15 22:28:16,6,1.28,-73.951080322265625,40.782730102539063,1,N,-73.940353393554688,40.798969268798828,2,5.5,0.5,0.5,0,0,0.3,6.8
2,2015-01-15 22:09:29,2015-01-15 22:28:18,1,3.31,-73.984939575195313,40.742130279541016,1,N,-73.987380981445313,40.774311065673828,1,14.5,0.5,0.5,3,0,0.3,18.8
2,2015-01-15 22:05:33,2015-01-15 22:28:19,1,7.24,-73.870880126953125,40.773811340332031,1,N,-73.961837768554687,40.758766174316406,1,24,0.5,0.5,5.7,0,0.3,31
2,2015-01-15 22:24:41,2015-01-15 22:28:16,1,.68,-73.971366882324219,40.744518280029297,1,N,-73.981712341308594,40.746749877929687,1,4.5,0.5,0.5,1,0,0.3,6.8
2,2015-01-15 22:10:20,2015-01-15 22:28:54,5,4.09,-73.99859619140625,40.734828948974609,1,N,-73.956802368164062,40.770828247070313,1,15.5,0.5,0.5,3.2,0,0.3,20
2,2015-01-15 22:10:21,2015-01-15 22:28:53,1,10.83,-73.862930297851563,40.769161224365234,1,N,-73.967613220214844,40.755325317382812,1,30.5,0.5,0.5,7.27,5.33,0.3,44.4
2,2015-01-15 22:10:31,2015-01-15 22:28:54,1,5.10,-73.999244689941406,40.720180511474609,1,N,-73.955093383789063,40.665668487548828,1,17.5,0.5,0.5,3.6,0,0.3,22.4
2,2015-01-15 22:10:49,2015-01-15 22:28:19,1,7.94,-73.972541809082031,40.740726470947266,1,N,-73.851203918457031,40.731040954589844,1,23.5,0.5,0.5,5.87,5.33,0.3,36
2,2015-01-15 22:10:53,2015-01-15 22:28:34,2,4.11,-73.947608947753906,40.825340270996094,1,N,-73.955711364746094,40.779468536376953,1,16,0.5,0.5,3.3,0,0.3,20.6
2,2015-01-15 22:15:29,2015-01-15 22:28:53,2,2.40,-73.975837707519531,40.760208129882813,1,N,-73.98931884765625,40.733318328857422,1,11.5,0.5,0.5,2,0,0.3,14.8
2,2015-01-15 21:56:27,2015-01-15 22:28:27,2,6.78,-73.99005126953125,40.757389068603516,1,N,-73.946922302246094,40.722698211669922,1,26,0.5,0.5,5.46,0,0.3,32.76
2,2015-01-15 22:15:32,2015-01-15 22:28:20,1,4.16,-74.011703491210938,40.707611083984375,1,N,-73.998420715332031,40.755527496337891,1,14.5,0.5,0.5,2,0,0.3,17.8
2,2015-01-15 22:15:35,2015-01-15 22:28:41,5,2.59,-74.001510620117187,40.746246337890625,1,N,-74.010978698730469,40.716148376464844,2,11,0.5,0.5,0,0,0.3,12.3
2,2015-01-15 21:56:31,2015-01-15 22:28:07,1,6.76,-73.983757019042969,40.766490936279297,1,N,-73.939010620117188,40.843788146972656,1,26.5,0.5,0.5,5.4,0,0.3,33.2
2,2015-01-15 22:15:40,2015-01-15 22:28:05,1,2.36,-73.983062744140625,40.747573852539063,1,N,-73.97784423828125,40.773406982421875,1,11,0.5,0.5,2.3,0,0.3,14.6
2,2015-01-15 22:15:47,2015-01-15 22:28:46,6,2.75,-73.974006652832031,40.731224060058594,1,N,-73.971832275390625,40.762752532958984,1,12.5,0.5,0.5,1,0,0.3,14.8
2,2015-01-15 22:15:53,2015-01-15 22:28:59,1,3.60,-73.972671508789063,40.753021240234375,1,N,-73.934249877929688,40.766689300537109,1,13.5,0.5,0.5,2.8,0,0.3,17.6
2,2015-01-15 22:15:56,2015-01-15 22:28:39,4,2.59,-73.984230041503906,40.726375579833984,1,N,-73.984855651855469,40.753509521484375,1,11,0.5,0.5,2.3,0,0.3,14.6
1,2015-01-15 22:09:41,2015-01-15 22:28:22,1,6.30,-74.008674621582031,40.719081878662109,1,N,0,0,1,21.5,0.5,0.5,4.55,0,0.3,27.35
1,2015-01-15 22:09:41,2015-01-15 22:28:11,1,11.90,-73.7900390625,40.643783569335938,1,N,-73.867111206054688,40.768833160400391,1,32.5,0.5,0.5,5,0,0.3,38.8
1,2015-01-15 22:01:17,2015-01-15 22:28:20,1,10.90,-73.862640380859375,40.769699096679688,1,N,-74.000030517578125,40.730438232421875,1,33,0.5,0.5,7.92,5.33,0.3,47.55
1,2015-01-15 22:09:49,2015-01-15 22:28:12,4,3.20,-73.985305786132812,40.758388519287109,1,N,-73.969657897949219,40.797691345214844,2,14.5,0.5,0.5,0,0,0.3,15.8
2,2015-01-15 22:03:37,2015-01-15 22:28:48,1,4.12,-73.993545532226563,40.71856689453125,1,N,-73.980987548828125,40.765224456787109,1,18.5,0.5,0.5,1,0,0.3,20.8
2,2015-01-15 22:03:38,2015-01-15 22:28:13,1,5.99,-73.970199584960938,40.752426147460938,1,N,-73.953445434570312,40.757865905761719,2,21.5,0.5,0.5,0,0,0.3,22.8
1,2015-01-15 22:10:04,2015-01-15 22:28:40,1,7.90,-73.956771850585938,40.786479949951172,1,N,-74.008674621582031,40.707557678222656,1,24.5,0.5,0.5,6.45,0,0.3,32.25
1,2015-01-15 22:10:24,2015-01-15 22:28:06,1,5.90,-73.970664978027344,40.757755279541016,1,N,-74.009223937988281,40.705039978027344,1,20,0.5,0.5,4.26,0,0.3,25.56
2,2015-01-15 22:04:01,2015-01-15 22:28:42,6,4.54,-73.990188598632812,40.739448547363281,1,N,-73.957191467285156,40.719375610351562,1,19.5,0.5,0.5,5,0,0.3,25.8
1,2015-01-15 22:10:27,2015-01-15 22:28:50,1,7.10,-74.005607604980469,40.740528106689453,1,N,-73.951919555664062,40.809051513671875,1,21,0.5,0.5,2,0,0.3,24.3
1,2015-01-15 22:10:27,2015-01-15 22:28:20,1,4.40,-73.99127197265625,40.735008239746094,1,N,-73.977531433105469,40.784427642822266,1,16.5,0.5,0.5,3.55,0,0.3,21.35
1,2015-01-15 22:10:31,2015-01-15 22:28:15,3,3.40,-73.987228393554688,40.744571685791016,1,N,-73.954780578613281,40.783088684082031,1,14.5,0.5,0.5,2,0,0.3,17.8
2,2015-01-15 22:04:11,2015-01-15 22:28:49,2,4.45,-73.985374450683594,40.727584838867188,1,N,-73.980880737304688,40.776626586914063,1,19,0.5,0.5,3,0,0.3,23.3
2,2015-01-15 22:11:08,2015-01-15 22:28:58,1,2.20,-73.974624633789063,40.790920257568359,1,N,-73.989913940429687,40.762241363525391,1,13.5,0.5,0.5,2.8,0,0.3,17.6
2,2015-01-15 22:19:59,2015-01-15 22:28:58,1,1.89,-73.976348876953125,40.785812377929688,1,N,-73.970573425292969,40.767642974853516,1,9,0.5,0.5,2.85,0,0.3,13.15
2,2015-01-15 22:20:00,2015-01-15 22:28:31,1,1.30,-73.954818725585937,40.773681640625,1,N,-73.967536926269531,40.760284423828125,1,7.5,0.5,0.5,1.6,0,0.3,10.4
1,2015-01-15 22:28:27,2015-01-15 22:28:42,1,.10,-74.004615783691406,40.723869323730469,1,N,-74.004547119140625,40.723964691162109,2,2.5,0.5,0.5,0,0,0.3,3.8
1,2015-01-15 22:28:32,2015-01-15 22:28:37,1,.00,-73.91143798828125,40.697593688964844,1,Y,-73.911430358886719,40.697589874267578,3,2.5,0.5,0.5,0,0,0.3,3.8
2,2015-01-15 22:11:15,2015-01-15 22:28:07,2,2.60,-73.987808227539062,40.756698608398438,1,N,-73.957084655761719,40.768451690673828,1,13,0.5,0.5,1.5,0,0.3,15.8
2,2015-01-15 22:11:15,2015-01-15 22:28:16,6,3.30,-73.988761901855469,40.727046966552734,1,N,-73.98028564453125,40.759212493896484,1,13.5,0.5,0.5,2.8,0,0.3,17.6
2,2015-01-15 22:20:11,2015-01-15 22:28:47,1,1.43,-73.976936340332031,40.759143829345703,1,N,-73.982154846191406,40.774940490722656,1,8,0.5,0.5,1.7,0,0.3,11
2,2015-01-15 22:20:13,2015-01-15 22:28:58,4,1.11,-73.993209838867187,40.757686614990234,1,N,-73.98712158203125,40.747901916503906,1,7.5,0.5,0.5,0.5,0,0.3,9.3
2,2015-01-15 22:20:13,2015-01-15 22:28:20,1,1.11,-73.987129211425781,40.756599426269531,1,N,-73.979270935058594,40.746238708496094,2,7.5,0.5,0.5,0,0,0.3,8.8
1,2015-01-15 22:10:56,2015-01-15 22:28:20,1,3.30,-73.991302490234375,40.735034942626953,1,N,-74.015846252441406,40.709980010986328,1,15,0.5,0.5,3.25,0,0.3,19.55
1,2015-01-15 22:28:46,2015-01-15 22:28:54,1,.00,-73.988487243652344,40.765819549560547,2,N,-73.988487243652344,40.765819549560547,1,52,0,0.5,13.2,0,0.3,66
2,2015-01-15 22:11:29,2015-01-15 22:28:56,1,3.76,-74.002517700195313,40.73046875,1,N,-73.964729309082031,40.771499633789063,2,14.5,0.5,0.5,0,0,0.3,15.8
2,2015-01-15 22:11:32,2015-01-15 22:28:52,6,6.00,-73.998916625976563,40.754489898681641,1,N,-73.951248168945312,40.812160491943359,1,19.5,0.5,0.5,4,0,0.3,24.8
2,2015-01-15 22:20:26,2015-01-15 22:28:45,1,1.52,-73.987144470214844,40.719791412353516,1,N,-74.00457763671875,40.708110809326172,1,8,0.5,0.5,1.7,0,0.3,11
2,2015-01-15 22:20:27,2015-01-15 22:28:23,2,1.91,-73.977203369140625,40.774539947509766,1,N,-73.954010009765625,40.766998291015625,1,8.5,0.5,0.5,1.8,0,0.3,11.6
2,2015-01-15 22:20:30,2015-01-15 22:28:30,3,2.17,-73.991935729980469,40.759418487548828,1,N,-74.000991821289063,40.736740112304688,1,8.5,0.5,0.5,2.25,0,0.3,12.05
1,2015-01-15 22:11:20,2015-01-15 22:28:10,2,2.00,0,0,1,N,0,0,2,12.5,0.5,0.5,0,0,0.3,13.8
1,2015-01-15 22:11:21,2015-01-15 22:28:58,2,3.70,-73.988151550292969,40.722675323486328,1,N,-73.993858337402344,40.759075164794922,2,15,0.5,0.5,0,0,0.3,16.3
2,2015-01-15 22:13:45,2015-01-15 22:28:40,6,2.87,-73.975852966308594,40.759571075439453,1,N,-73.989181518554688,40.726455688476563,1,12.5,0.5,0.5,2.6,0,0.3,16.4
1,2015-01-15 22:11:27,2015-01-15 22:28:50,1,3.20,-73.992652893066406,40.763313293457031,1,N,-73.97686767578125,40.732429504394531,1,14,0.5,0.5,2.3,0,0.3,17.6
1,2015-01-15 22:01:32,2015-01-15 22:28:00,1,6.20,-73.961166381835937,40.771842956542969,1,N,-73.904960632324219,40.717571258544922,3,23.5,0.5,0.5,0,0,0.3,24.8
2,2015-01-15 22:13:53,2015-01-15 22:28:11,2,2.71,-73.995384216308594,40.749542236328125,1,N,-73.975975036621094,40.776226043701172,1,12,0.5,0.5,2.5,0,0.3,15.8
2,2015-01-15 22:13:56,2015-01-15 22:28:26,1,3.85,-73.989112854003906,40.738243103027344,1,N,-73.951087951660156,40.772598266601563,1,14,0.5,0.5,1,0,0.3,16.3
2,2015-01-15 22:13:59,2015-01-15 22:28:07,1,3.06,-73.996429443359375,40.725231170654297,1,N,-73.988616943359375,40.759349822998047,1,12.5,0.5,0.5,3,0,0.3,16.8
1,2015-01-15 22:11:41,2015-01-15 22:28:29,1,2.80,-74.001876831054688,40.735294342041016,1,N,-73.97186279296875,40.7552490234375,2,13,0.5,0.5,0,0,0.3,14.3
2,2015-01-15 22:14:04,2015-01-15 22:28:58,1,5.87,-73.9752197265625,40.749233245849609,1,N,-73.926933288574219,40.810779571533203,2,18.5,0.5,0.5,0,0,0.3,19.8
2,2015-01-15 22:14:09,2015-01-15 22:28:13,6,2.45,-73.984611511230469,40.742538452148438,1,N,-73.998741149902344,40.718490600585938,1,11.5,0.5,0.5,1.75,0,0.3,14.55
1,2015-01-15 22:11:51,2015-01-15 22:28:06,1,3.30,-73.983917236328125,40.743247985839844,1,N,-73.952590942382812,40.780731201171875,1,14,0.5,0.5,5,0,0.3,20.3
2,2015-01-15 22:14:11,2015-01-15 22:28:11,1,4.14,-73.980033874511719,40.751319885253906,1,N,-73.958450317382813,40.800010681152344,1,14.5,0.5,0.5,3.75,0,0.3,19.55
2,2015-01-15 22:14:14,2015-01-15 22:28:46,1,3.01,-73.975860595703125,40.758792877197266,1,N,-73.990371704101563,40.724811553955078,1,12.5,0.5,0.5,2.6,0,0.3,16.4
2,2015-01-15 22:14:15,2015-01-15 22:28:34,1,5.21,-73.990371704101563,40.714569091796875,1,N,-73.9552001953125,40.770088195800781,1,17.5,0.5,0.5,3.6,0,0.3,22.4
1,2015-01-15 21:54:20,2015-01-15 22:28:55,1,7.80,-74.000900268554688,40.742351531982422,1,N,-73.957351684570312,40.642707824707031,1,28.5,0.5,0.5,5.95,0,0.3,35.75
2,2015-01-15 22:14:27,2015-01-15 22:28:50,1,3.63,-74.002754211425781,40.723476409912109,1,N,-73.963584899902344,40.755908966064453,1,13.5,0.5,0.5,2.8,0,0.3,17.6
2,2015-01-15 22:14:30,2015-01-15 22:28:26,2,2.82,-73.949371337890625,40.777790069580078,1,N,-73.985847473144531,40.772098541259766,1,12,0.5,0.5,2.5,0,0.3,15.8
2,2015-01-15 22:20:37,2015-01-15 22:28:54,4,1.51,-73.979278564453125,40.755050659179688,1,N,-73.991195678710938,40.735866546630859,1,8,0.5,0.5,2,0,0.3,11.3
2,2015-01-15 22:25:30,2015-01-15 22:28:55,3,.45,-73.97314453125,40.764156341552734,1,N,-73.9666748046875,40.761173248291016,1,4,0.5,0.5,0.9,0,0.3,6.2
2,2015-01-15 22:20:39,2015-01-15 22:28:55,6,1.37,-74.005058288574219,40.718986511230469,1,N,-74.00738525390625,40.727863311767578,1,6.5,0.5,0.5,1.8,0,0.3,9.6
2,2015-01-15 22:20:39,2015-01-15 22:28:03,1,1.22,-73.988601684570313,40.763351440429688,1,N,-73.969001770019531,40.754268646240234,2,7,0.5,0.5,0,0,0.3,8.3
2,2015-01-15 22:25:37,2015-01-15 22:28:17,5,.41,-73.983291625976562,40.744430541992188,1,N,-73.977691650390625,40.746292114257813,1,4,0.5,0.5,0.9,0,0.3,6.2
1,2015-01-15 22:02:25,2015-01-15 22:28:02,2,5.70,0,0,1,N,0,0,2,21,0.5,0.5,0,0,0.3,22.3
2,2015-01-15 22:14:52,2015-01-15 22:28:02,1,1.84,-73.980850219726563,40.764259338378906,1,N,-73.984756469726563,40.782398223876953,1,10.5,0.5,0.5,2.75,0,0.3,14.55
2,2015-01-15 22:14:53,2015-01-15 22:28:45,1,4.89,-73.977447509765625,40.725978851318359,1,N,-73.948860168457031,40.781570434570313,1,16.5,0.5,0.5,4.25,0,0.3,22.05
2,2015-01-15 22:14:49,2015-01-15 22:28:24,1,3.68,-73.988754272460938,40.726795196533203,1,N,-73.958953857421875,40.722297668457031,2,14,0.5,0.5,0,0,0.3,15.3
2,2015-01-15 22:14:49,2015-01-15 22:28:46,1,4.06,-74.004974365234375,40.7408447265625,1,N,-73.977760314941406,40.788841247558594,1,15,0.5,0.5,3.1,0,0.3,19.4
2,2015-01-15 22:14:49,2015-01-15 22:28:00,6,2.47,-73.971473693847656,40.756191253662109,1,N,-74.001289367675781,40.7396240234375,1,11.5,0.5,0.5,2.4,0,0.3,15.2
2,2015-01-15 22:20:54,2015-01-15 22:28:56,1,1.47,-73.988166809082031,40.739311218261719,1,N,-73.985511779785156,40.752826690673828,1,7.5,0.5,0.5,1.76,0,0.3,10.56
2,2015-01-15 22:25:42,2015-01-15 22:28:00,1,.70,-73.970130920410156,40.764995574951172,1,N,-73.962203979492188,40.767166137695313,1,4,0.5,0.5,0.5,0,0.3,5.8
2,2015-01-15 22:25:45,2015-01-15 22:28:08,1,.80,-73.958641052246094,40.772190093994141,1,N,-73.955009460449219,40.781768798828125,1,4.5,0.5,0.5,1,0,0.3,6.8
2,2015-01-15 22:14:57,2015-01-15 22:28:04,1,2.33,-73.955062866210937,40.785781860351563,1,N,-73.973587036132812,40.756580352783203,2,11,0.5,0.5,0,0,0.3,12.3
1,2015-01-15 22:02:45,2015-01-15 22:28:58,1,10.80,-73.863174438476562,40.769889831542969,1,N,-74.003562927246094,40.74029541015625,1,33,0.5,0.5,5,5.33,0.3,44.63
2,2015-01-15 22:15:03,2015-01-15 22:28:36,1,3.38,-73.98388671875,40.715152740478516,1,N,-73.975044250488281,40.686561584472656,1,13,0.5,0.5,2.7,0,0.3,17
2,2015-01-15 22:21:06,2015-01-15 22:28:38,1,1.05,-73.97320556640625,40.752296447753906,1,N,-73.989700317382812,40.757392883300781,1,6.5,0.5,0.5,10,0,0.3,17.8
2,2015-01-15 22:15:10,2015-01-15 22:28:14,5,2.64,-73.974754333496094,40.755203247070313,1,N,-73.948875427246094,40.77838134765625,1,12,0.5,0.5,3.12,0,0.3,16.42
2,2015-01-15 22:21:13,2015-01-15 22:28:30,6,1.11,-73.974372863769531,40.759010314941406,1,N,-73.983268737792969,40.769416809082031,1,7,0.5,0.5,1,0,0.3,9.3
2,2015-01-15 22:21:17,2015-01-15 22:28:20,1,1.27,-73.9708251953125,40.758224487304688,1,N,-73.9849853515625,40.751678466796875,1,7,0.5,0.5,0.8,0,0.3,9.1
2,2015-01-15 22:21:18,2015-01-15 22:28:00,4,1.59,-74.000755310058594,40.730770111083984,1,N,-73.991943359375,40.749176025390625,2,7,0.5,0.5,0,0,0.3,8.3
2,2015-01-15 22:26:01,2015-01-15 22:28:58,3,.50,-73.988449096679687,40.727371215820313,1,N,-73.982597351074219,40.731220245361328,2,4,0.5,0.5,0,0,0.3,5.3
1,2015-01-15 22:12:11,2015-01-15 22:28:32,1,7.50,-73.972549438476562,40.758323669433594,1,N,-73.865753173828125,40.729526519775391,1,22.5,0.5,0.5,2,5.33,0.3,31.13
1,2015-01-15 22:12:20,2015-01-15 22:28:10,1,2.50,-73.997428894042969,40.720920562744141,1,N,-73.991729736328125,40.749187469482422,1,12.5,0.5,0.5,2.75,0,0.3,16.55
1,2015-01-15 22:12:34,2015-01-15 22:28:24,1,9.60,-73.872978210449219,40.7740478515625,1,N,-73.965751647949219,40.758052825927734,1,27,0.5,0.5,8,5.33,0.3,41.63
1,2015-01-15 22:12:47,2015-01-15 22:28:11,1,3.70,-73.98651123046875,40.734020233154297,1,N,-73.952117919921875,40.777519226074219,1,14,0.5,0.5,2,0,0.3,17.3
1,2015-01-15 22:12:51,2015-01-15 22:28:54,1,2.90,-73.98321533203125,40.726783752441406,1,N,-73.990119934082031,40.75677490234375,1,13,0.5,0.5,3.55,0,0.3,17.85
2,2015-01-15 21:59:34,2015-01-15 22:28:58,5,9.63,-73.974662780761719,40.750198364257813,1,N,-73.991996765136719,40.658641815185547,1,31,0.5,0.5,9.45,0,0.3,41.75
2,2015-01-15 22:11:46,2015-01-15 22:28:54,1,7.15,-74.010276794433594,40.705791473388672,1,N,-73.954383850097656,40.774360656738281,1,22,0.5,0.5,3,0,0.3,26.3
1,2015-01-15 22:13:02,2015-01-15 22:28:53,1,4.10,-73.993331909179687,40.724491119384766,1,N,-73.990303039550781,40.768169403076172,2,15,0.5,0.5,0,0,0.3,16.3
1,2015-01-15 22:13:04,2015-01-15 22:28:54,1,9.70,-73.983551025390625,40.737937927246094,1,N,-73.938102722167969,40.847690582275391,1,27,0.5,0.5,4,0,0.3,32.3
1,2015-01-15 22:13:06,2015-01-15 22:28:34,1,3.50,-73.950767517089844,40.779346466064453,1,N,-73.982818603515625,40.735153198242187,1,13.5,0.5,0.5,2.96,0,0.3,17.76
1,2015-01-15 22:13:07,2015-01-15 22:28:33,1,2.70,-73.977798461914063,40.752422332763672,1,N,-73.979209899902344,40.728195190429687,2,12.5,0.5,0.5,0,0,0.3,13.8
1,2015-01-15 22:13:07,2015-01-15 22:28:27,1,4.30,-73.987205505371094,40.770339965820313,1,N,-73.946624755859375,40.822582244873047,1,15,0.5,0.5,3,0,0.3,19.3
2,2015-01-15 22:11:55,2015-01-15 22:28:01,5,5.38,-73.984748840332031,40.719570159912109,1,N,-73.992919921875,40.683673858642578,1,17.5,0.5,0.5,3,0,0.3,21.8
2,2015-01-15 22:11:57,2015-01-15 22:28:02,2,10.20,-73.870841979980469,40.773750305175781,1,N,-73.990676879882813,40.703609466552734,1,28,0.5,0.5,5.7,0,0.3,35
2,2015-01-15 22:11:59,2015-01-15 22:28:05,1,2.42,-73.963226318359375,40.77471923828125,1,N,-73.989418029785156,40.760440826416016,2,12.5,0.5,0.5,0,0,0.3,13.8
2,2015-01-15 22:12:08,2015-01-15 22:28:48,1,4.55,-73.989212036132812,40.763259887695313,1,N,-74.008018493652344,40.712570190429688,2,17,0.5,0.5,0,0,0.3,18.3
1,2015-01-15 22:04:12,2015-01-15 22:28:27,1,13.40,-74.009429931640625,40.720291137695313,1,N,-74.093879699707031,40.618354797363281,1,37,0.5,0.5,8,15.99,0.3,62.29
1,2015-01-15 22:13:26,2015-01-15 22:28:05,1,4.60,-73.980094909667969,40.765583038330078,1,N,-73.908592224121094,40.763099670410156,1,15.5,0.5,0.5,2,0,0.3,18.8
1,2015-01-15 22:13:26,2015-01-15 22:28:55,1,3.00,-73.956077575683594,40.771472930908203,1,N,-73.984771728515625,40.732536315917969,1,13,0.5,0.5,2.85,0,0.3,17.15
2,2015-01-15 22:12:11,2015-01-15 22:28:46,1,2.46,-74.002082824707031,40.750911712646484,1,N,-73.979911804199219,40.765949249267578,1,12.5,0.5,0.5,2.6,0,0.3,16.4
2,2015-01-15 22:12:14,2015-01-15 22:28:57,1,5.60,-73.98699951171875,40.720916748046875,1,N,-73.958892822265625,40.777488708496094,1,18.5,0.5,0.5,2,0,0.3,21.8
2,2015-01-15 22:00:49,2015-01-15 22:28:59,1,16.45,-73.979103088378906,40.750324249267578,1,N,-74.064376831054687,40.600242614746094,1,45.5,0.5,0.5,15.5,15.99,0.3,78.29
1,2015-01-15 22:04:26,2015-01-15 22:28:19,1,5.70,-74.004707336425781,40.730979919433594,1,N,-73.958221435546875,40.733863830566406,1,22,0.5,0.5,4,0,0.3,27.3
1,2015-01-15 22:13:36,2015-01-15 22:28:26,2,3.70,-73.925888061523438,40.772407531738281,1,N,-73.903190612792969,40.746265411376953,2,14,0.5,0.5,0,0,0.3,15.3
2,2015-01-15 22:00:49,2015-01-15 22:28:06,2,5.23,-73.990646362304687,40.718570709228516,1,N,-73.982376098632812,40.775367736816406,2,20.5,0.5,0.5,0,0,0.3,21.8
2,2015-01-15 22:12:21,2015-01-15 22:28:21,1,8.75,-73.87188720703125,40.774158477783203,1,N,-73.946815490722656,40.835041046142578,1,25,0.5,0.5,6.17,5.33,0.3,37.8
1,2015-01-15 22:04:32,2015-01-15 22:28:17,1,15.70,-73.790069580078125,40.643661499023438,1,N,-73.950904846191406,40.718242645263672,2,42.5,0.5,0.5,0,0,0.3,43.8
1,2015-01-15 22:13:40,2015-01-15 22:28:26,1,2.10,-73.995948791503906,40.748519897460938,1,N,-73.969955444335937,40.755329132080078,1,11,0.5,0.5,2.45,0,0.3,14.75
1,2015-01-15 22:13:40,2015-01-15 22:28:09,2,2.80,-74.003005981445313,40.734195709228516,1,N,-73.969795227050781,40.753009796142578,1,12,0.5,0.5,2.66,0,0.3,15.96
1,2015-01-15 22:13:40,2015-01-15 22:28:08,1,3.10,-73.990386962890625,40.752681732177734,1,N,-73.956382751464844,40.779762268066406,1,13,0.5,0.5,2.5,0,0.3,16.8
1,2015-01-15 22:13:41,2015-01-15 22:28:56,1,3.60,-73.99591064453125,40.722465515136719,1,N,-73.993789672851562,40.758907318115234,1,14,0.5,0.5,3.05,0,0.3,18.35
1,2015-01-15 21:56:05,2015-01-15 22:28:39,1,18.80,-73.796661376953125,40.644756317138672,2,N,-73.96722412109375,40.806915283203125,1,52,0,0.5,5,5.33,0.3,63.13
1,2015-01-15 22:13:50,2015-01-15 22:28:10,1,3.10,-73.970237731933594,40.758407592773438,1,N,-73.986473083496094,40.722221374511719,2,12.5,0.5,0.5,0,0,0.3,13.8
1,2015-01-15 22:04:50,2015-01-15 22:28:37,1,15.30,-73.827667236328125,40.723148345947266,2,N,-74.013519287109375,40.713645935058594,1,52,0,0.5,10.55,0,0.3,63.35
1,2015-01-15 22:13:57,2015-01-15 22:28:03,1,5.00,-73.963607788085938,40.761348724365234,1,N,-73.882110595703125,40.735820770263672,1,16.5,0.5,0.5,3.56,0,0.3,21.36
1,2015-01-15 22:14:00,2015-01-15 22:28:12,1,6.40,-73.966812133789063,40.756618499755859,1,N,-74.017326354980469,40.711414337158203,1,19.5,0.5,0.5,4.15,0,0.3,24.95
1,2015-01-15 22:14:01,2015-01-15 22:28:42,1,3.50,-74.007743835449219,40.740669250488281,1,N,-73.988731384277344,40.777767181396484,1,14,0.5,0.5,3.82,0,0.3,19.12
1,2015-01-15 22:14:06,2015-01-15 22:28:01,1,3.20,-73.972999572753906,40.754428863525391,1,N,-73.929115295410156,40.756217956542969,1,13,0.5,0.5,2.85,0,0.3,17.15
1,2015-01-15 21:56:31,2015-01-15 22:28:13,1,13.60,-73.97381591796875,40.754280090332031,1,N,-74.033302307128906,40.6181640625,1,40,0.5,0.5,5,0,0.3,46.3
1,2015-01-15 22:14:10,2015-01-15 22:28:33,2,2.10,-73.959625244140625,40.76287841796875,1,N,-73.983406066894531,40.750072479248047,1,11,0.5,0.5,2.45,0,0.3,14.75
1,2015-01-15 22:14:20,2015-01-15 22:28:46,1,2.90,-73.984825134277344,40.736423492431641,1,N,-73.990921020507812,40.765689849853516,1,12.5,0.5,0.5,2.75,0,0.3,16.55
1,2015-01-15 22:14:29,2015-01-15 22:28:44,2,2.20,-73.989021301269531,40.718887329101563,1,N,-74.005073547363281,40.740840911865234,1,11.5,0.5,0.5,2.55,0,0.3,15.35
1,2015-01-15 22:14:39,2015-01-15 22:28:57,2,1.80,-73.982864379882813,40.771930694580078,1,N,-73.99468994140625,40.750434875488281,2,11.5,0.5,0.5,0,0,0.3,12.8
1,2015-01-15 22:15:01,2015-01-15 22:28:09,1,6.10,-74.006080627441406,40.705974578857422,1,N,-73.962562561035156,40.766658782958984,2,19,0.5,0.5,0,0,0.3,20.3
1,2015-01-15 22:15:05,2015-01-15 22:28:06,1,3.60,-73.968643188476562,40.764190673828125,1,N,-73.918243408203125,40.762588500976562,1,13.5,0.5,0.5,2.96,0,0.3,17.76
1,2015-01-15 22:15:06,2015-01-15 22:28:23,1,3.20,0,0,1,N,0,0,1,13,0.5,0.5,2.85,0,0.3,17.15
1,2015-01-15 22:15:07,2015-01-15 22:28:24,3,1.30,-73.982261657714844,40.754253387451172,1,N,-73.96636962890625,40.761711120605469,1,10,0.5,0.5,2,0,0.3,13.3
2,2015-01-15 21:58:47,2015-01-15 22:28:48,1,12.39,-73.790023803710938,40.643768310546875,1,N,-73.930946350097656,40.6685791015625,2,38,0.5,0.5,0,0,0.3,39.3
1,2015-01-15 22:15:09,2015-01-15 22:28:39,1,3.20,-74.006629943847656,40.731346130371094,1,N,-73.99188232421875,40.767917633056641,2,13.5,0.5,0.5,0,0,0.3,14.8
2,2015-01-15 21:52:45,2015-01-15 22:28:13,1,8.74,-74.0032958984375,40.726970672607422,1,N,-73.980728149414063,40.779731750488281,2,26,0.5,0.5,0,0,0.3,27.3
1,2015-01-15 22:15:13,2015-01-15 22:28:08,1,3.60,-73.989585876464844,40.725559234619141,1,N,-73.949684143066406,40.722015380859375,2,14,0.5,0.5,0,0,0.3,15.3
1,2015-01-15 22:15:14,2015-01-15 22:28:31,1,2.20,-73.999855041503906,40.734577178955078,1,N,-73.983291625976562,40.755222320556641,1,11,0.5,0.5,0,0,0.3,12.3
1,2015-01-15 22:15:14,2015-01-15 22:28:54,1,3.20,-74.004264831542969,40.725131988525391,1,N,-73.9942626953125,40.761180877685547,1,12.5,0.5,0.5,2,0,0.3,15.8
1,2015-01-15 22:15:17,2015-01-15 22:28:43,1,2.50,-74.002059936523438,40.740398406982422,1,N,-74.007186889648438,40.710891723632812,1,11,0.5,0.5,2.45,0,0.3,14.75
1,2015-01-15 22:15:22,2015-01-15 22:28:27,1,2.70,-73.990447998046875,40.756439208984375,1,N,-73.980110168457031,40.78900146484375,1,11.5,0.5,0.5,3.2,0,0.3,16
1,2015-01-15 22:15:24,2015-01-15 22:28:09,1,4.50,-73.950027465820312,40.777183532714844,1,N,-73.982536315917969,40.727310180664063,1,15.5,0.5,0.5,3.35,0,0.3,20.15
1,2015-01-15 22:05:31,2015-01-15 22:28:37,1,10.00,-73.976280212402344,40.752777099609375,1,N,-73.933708190917969,40.856800079345703,1,30.5,0.5,0.5,3,0,0.3,34.8
1,2015-01-15 22:05:33,2015-01-15 22:28:05,1,11.00,-73.986976623535156,40.725025177001953,1,N,-73.944862365722656,40.834243774414062,1,32,0.5,0.5,6.65,0,0.3,39.95
1,2015-01-15 22:05:47,2015-01-15 22:28:18,1,15.70,-73.863395690917969,40.769790649414063,1,N,-74.015342712402344,40.704822540283203,1,42.5,0.5,0.5,5,5.33,0.3,54.13
1,2015-01-15 22:15:52,2015-01-15 22:28:01,1,2.50,-73.974281311035156,40.750881195068359,1,N,-73.986030578613281,40.775470733642578,1,11,0.5,0.5,3,0,0.3,15.3
1,2015-01-15 22:06:01,2015-01-15 22:28:31,1,3.70,-73.993064880371094,40.720180511474609,1,N,-73.977165222167969,40.763751983642578,1,17,0.5,0.5,4.55,0,0.3,22.85
1,2015-01-15 22:15:59,2015-01-15 22:28:56,1,2.30,-74.005744934082031,40.740180969238281,1,N,-73.976219177246094,40.744823455810547,1,11,0.5,0.5,1.5,0,0.3,13.8
1,2015-01-15 22:16:02,2015-01-15 22:28:23,1,3.10,-74.002548217773438,40.733844757080078,1,N,-73.985389709472656,40.697490692138672,1,12.5,0.5,0.5,2.5,0,0.3,16.3
2,2015-01-15 22:06:26,2015-01-15 22:28:35,1,3.13,-73.974098205566406,40.764045715332031,1,N,-74.003746032714844,40.729320526123047,2,16,0.5,0.5,0,0,0.3,17.3
2,2015-01-15 22:07:43,2015-01-15 22:28:03,5,4.58,-73.999191284179688,40.739273071289063,1,N,-73.98974609375,40.688758850097656,1,17.5,0.5,0.5,3.6,0,0.3,22.4
2,2015-01-15 22:16:02,2015-01-15 22:28:47,1,2.78,-73.990928649902344,40.750465393066406,1,N,-73.993148803710938,40.720191955566406,2,11.5,0.5,0.5,0,0,0.3,12.8
2,2015-01-15 22:16:03,2015-01-15 22:28:19,1,2.11,-73.987335205078125,40.722679138183594,1,N,-73.989219665527344,40.743080139160156,1,10,0.5,0.5,2.1,0,0.3,13.4
2,2015-01-15 22:06:28,2015-01-15 22:28:54,1,9.69,-73.866104125976562,40.771339416503906,1,N,-73.99798583984375,40.756641387939453,1,28.5,0.5,0.5,5,5.33,0.3,40.13
2,2015-01-15 22:06:28,2015-01-15 22:28:24,1,10.52,-73.870872497558594,40.773796081542969,1,N,-74.000160217285156,40.73046875,1,31,0.5,0.5,6.3,0,0.3,38.6
2,2015-01-15 22:16:10,2015-01-15 22:28:02,1,2.60,-73.9617919921875,40.771080017089844,1,N,-73.990371704101563,40.750835418701172,2,10.5,0.5,0.5,0,0,0.3,11.8
1,2015-01-15 22:06:17,2015-01-15 22:28:55,1,7.70,-74.007965087890625,40.705696105957031,1,N,-73.9718017578125,40.796314239501953,1,25.5,0.5,0.5,4,0,0.3,30.8
2,2015-01-15 22:07:50,2015-01-15 22:28:20,5,10.04,-73.864791870117188,40.770427703857422,1,N,-73.965652465820312,40.771949768066406,2,29.5,0.5,0.5,0,5.33,0.3,36.13
2,2015-01-15 22:16:12,2015-01-15 22:28:27,1,2.59,-73.989776611328125,40.756744384765625,1,N,-73.981536865234375,40.786472320556641,2,11,0.5,0.5,0,0,0.3,12.3
2,2015-01-15 22:16:18,2015-01-15 22:28:29,6,2.57,-74.0052490234375,40.74041748046875,1,N,-74.011528015136719,40.707988739013672,1,10.5,0.5,0.5,2.2,0,0.3,14
2,2015-01-15 22:06:46,2015-01-15 22:28:08,1,5.75,-74.000717163085938,40.732002258300781,1,N,-73.941032409667969,40.78839111328125,1,19.5,0.5,0.5,2,0,0.3,22.8
2,2015-01-15 22:16:21,2015-01-15 22:28:12,1,2.57,-73.987640380859375,40.719730377197266,1,N,-74.008659362792969,40.741436004638672,1,11.5,0.5,0.5,1.5,0,0.3,14.3
1,2015-01-15 22:16:34,2015-01-15 22:28:38,1,2.10,-73.983230590820313,40.766422271728516,1,N,-74.004005432128906,40.751693725585938,1,10,0.5,0.5,2.2,0,0.3,13.5
1,2015-01-15 22:16:34,2015-01-15 22:28:37,1,1.90,-73.983749389648438,40.743965148925781,1,N,-74.002723693847656,40.760627746582031,1,10,0.5,0.5,2.8,0,0.3,14.1
1,2015-01-15 22:16:37,2015-01-15 22:28:15,1,3.10,-73.986907958984375,40.724296569824219,1,N,-73.958412170410156,40.717166900634766,2,12.5,0.5,0.5,0,0,0.3,13.8
2,2015-01-15 21:46:25,2015-01-15 22:28:39,1,9.91,-73.981903076171875,40.767658233642578,1,N,-73.942535400390625,40.660045623779297,1,35,0.5,0.5,0,0,0.3,36.3
2,2015-01-15 22:06:51,2015-01-15 22:28:50,1,4.07,-73.970603942871094,40.795070648193359,1,N,-73.975250244140625,40.7564697265625,2,18,0.5,0.5,0,0,0.3,19.3
1,2015-01-15 22:16:38,2015-01-15 22:28:16,4,1.60,-73.965065002441406,40.761749267578125,1,N,-73.9849853515625,40.752971649169922,2,9,0.5,0.5,0,0,0.3,10.3
1,2015-01-15 22:16:39,2015-01-15 22:28:06,1,2.50,-74.003921508789063,40.725605010986328,1,N,-73.989784240722656,40.756557464599609,2,10.5,0.5,0.5,0,0,0.3,11.8
2,2015-01-15 22:16:32,2015-01-15 22:28:06,1,2.24,-73.971969604492187,40.763050079345703,1,N,-73.992721557617188,40.742874145507813,1,10.5,0.5,0.5,3.3,0,0.3,15.1
2,2015-01-15 22:16:35,2015-01-15 22:28:15,5,2.28,-73.976806640625,40.757205963134766,1,N,-73.97406005859375,40.737358093261719,2,10.5,0.5,0.5,0,0,0.3,11.8
2,2015-01-15 22:16:56,2015-01-15 22:28:31,1,2.64,-73.977256774902344,40.758373260498047,1,N,-73.980484008789063,40.728744506835938,1,10.5,0.5,0.5,2.2,0,0.3,14
2,2015-01-15 22:17:04,2015-01-15 22:28:31,1,2.18,-73.987503051757812,40.775711059570313,1,N,-73.991676330566406,40.751289367675781,2,10,0.5,0.5,0,0,0.3,11.3
2,2015-01-15 22:17:07,2015-01-15 22:28:27,1,1.93,-73.991813659667969,40.726280212402344,1,N,-73.997871398925781,40.745899200439453,1,10,0.5,0.5,0,0,0.3,11.3
2,2015-01-15 22:17:08,2015-01-15 22:28:17,3,2.79,-74.004737854003906,40.7158203125,1,N,-73.992431640625,40.698619842529297,1,11,0.5,0.5,2.88,0,0.3,15.18
1,2015-01-15 22:07:27,2015-01-15 22:28:26,1,5.30,-73.972358703613281,40.782299041748047,1,N,-73.921173095703125,40.740139007568359,2,19.5,0.5,0.5,0,0,0.3,20.8
1,2015-01-15 22:16:53,2015-01-15 22:28:04,1,3.10,-73.980064392089844,40.780593872070312,1,N,-73.943023681640625,40.799148559570312,2,11.5,0.5,0.5,0,0,0.3,12.8
1,2015-01-15 22:16:56,2015-01-15 22:28:05,1,3.00,-73.968002319335938,40.755508422851563,1,N,-73.98638916015625,40.7786865234375,2,11,0.5,0.5,0,0,0.3,12.3
2,2015-01-15 22:26:17,2015-01-15 22:28:44,6,.77,-73.978721618652344,40.744838714599609,1,N,-73.970695495605469,40.750762939453125,1,4.5,0.5,0.5,1,0,0.3,6.8
1,2015-01-15 22:17:01,2015-01-15 22:28:20,1,6.50,-73.952629089355469,40.772140502929688,1,N,-74.004280090332031,40.707469940185547,1,19,0.5,0.5,1.5,0,0.3,21.8
1,2015-01-15 22:17:07,2015-01-15 22:28:42,1,2.70,-73.95123291015625,40.774105072021484,1,N,-73.959648132324219,40.800582885742187,1,11,0.5,0.5,3.69,0,0.3,15.99
2,2015-01-15 22:26:25,2015-01-15 22:28:49,2,.80,-73.974380493164063,40.788772583007813,1,N,-73.965858459472656,40.795116424560547,1,4.5,0.5,0.5,1,0,0.3,6.8
2,2015-01-15 22:26:27,2015-01-15 22:28:54,2,.57,-73.987396240234375,40.760391235351563,1,N,-73.98223876953125,40.767425537109375,1,4,0.5,0.5,0.9,0,0.3,6.2
1,2015-01-15 22:17:13,2015-01-15 22:28:11,1,2.10,-73.977989196777344,40.754985809326172,1,N,-73.95361328125,40.771011352539062,2,10,0.5,0.5,0,0,0.3,11.3
2,2015-01-15 22:26:31,2015-01-15 22:28:17,1,.36,-73.999832153320312,40.733211517333984,1,N,-73.994361877441406,40.732074737548828,2,3.5,0.5,0.5,0,0,0.3,4.8
2,2015-01-15 22:26:32,2015-01-15 22:28:01,1,.32,-73.970138549804687,40.798946380615234,1,N,-73.970932006835938,40.795608520507813,1,3,0.5,0.5,0.7,0,0.3,5
1,2015-01-15 22:17:16,2015-01-15 22:28:47,1,1.70,-73.982475280761719,40.769500732421875,1,N,-73.9913330078125,40.750083923339844,2,9.5,0.5,0.5,0,0,0.3,10.8
1,2015-01-15 22:17:21,2015-01-15 22:28:01,1,1.80,-73.987098693847656,40.721446990966797,1,N,-74.0107421875,40.713691711425781,2,9,0.5,0.5,0,0,0.3,10.3
1,2015-01-15 22:17:23,2015-01-15 22:28:33,2,1.20,-73.994606018066406,40.750492095947266,1,N,-73.979110717773437,40.752490997314453,2,8.5,0.5,0.5,0,0,0.3,9.8
1,2015-01-15 22:17:25,2015-01-15 22:28:54,1,2.00,-73.976425170898437,40.780712127685547,1,N,-73.986869812011719,40.766170501708984,2,9.5,0.5,0.5,0,0,0.3,10.8
1,2015-01-15 22:17:25,2015-01-15 22:28:38,1,3.20,-73.985862731933594,40.722640991210938,1,N,-73.944709777832031,40.705108642578125,2,12,0.5,0.5,0,0,0.3,13.3
2,2015-01-15 22:10:11,2015-01-15 22:28:42,1,8.02,-73.987983703613281,40.728748321533203,1,N,-73.973342895507813,40.646625518798828,1,23.5,0.5,0.5,4.8,0,0.3,29.6
1,2015-01-15 22:17:32,2015-01-15 22:28:42,1,2.80,-73.985809326171875,40.751731872558594,1,N,-73.981658935546875,40.78350830078125,1,11,0.5,0.5,2.46,0,0.3,14.76
2,2015-01-15 22:10:16,2015-01-15 22:28:25,5,4.12,-74.007797241210938,40.724952697753906,1,N,-73.985160827636719,40.678878784179688,1,16.5,0.5,0.5,5.1,0,0.3,22.9
2,2015-01-15 22:26:43,2015-01-15 22:28:52,1,.53,-74.000480651855469,40.742580413818359,1,N,-74.000755310058594,40.747482299804688,1,4,0.5,0.5,0.9,0,0.3,6.2
1,2015-01-15 22:17:47,2015-01-15 22:28:06,4,1.90,-74.001068115234375,40.729171752929688,1,N,-74.003570556640625,40.747608184814453,1,9.5,0.5,0.5,1.2,0,0.3,12
1,2015-01-15 22:17:50,2015-01-15 22:28:24,1,2.30,-73.970382690429688,40.749217987060547,1,N,-73.9986572265625,40.739673614501953,1,10,0.5,0.5,2.25,0,0.3,13.55
1,2015-01-15 22:08:46,2015-01-15 22:28:37,1,4.60,-73.989219665527344,40.757843017578125,1,N,-73.921119689941406,40.745052337646484,1,17.5,0.5,0.5,3.75,0,0.3,22.55
1,2015-01-15 22:17:59,2015-01-15 22:28:17,1,2.40,-73.977104187011719,40.758609771728516,1,N,-73.948196411132812,40.774406433105469,1,10,0.5,0.5,2.25,0,0.3,13.55
1,2015-01-15 22:08:54,2015-01-15 22:28:31,1,8.80,-73.870834350585938,40.773666381835938,1,N,-73.971649169921875,40.795486450195313,1,27,0.5,0.5,6.72,5.33,0.3,40.35
1,2015-01-15 22:18:08,2015-01-15 22:28:58,1,2.10,-73.968971252441406,40.763545989990234,1,N,-73.986724853515625,40.737766265869141,1,10,0.5,0.5,2.26,0,0.3,13.56
1,2015-01-15 22:18:10,2015-01-15 22:28:51,1,2.80,-73.98077392578125,40.729759216308594,1,N,-73.955726623535156,40.708465576171875,1,11,0.5,0.5,2.46,0,0.3,14.76
1,2015-01-15 22:18:18,2015-01-15 22:28:56,1,3.10,-73.961006164550781,40.765041351318359,1,N,-73.959999084472656,40.798881530761719,1,11.5,0.5,0.5,3.2,0,0.3,16
1,2015-01-15 22:18:24,2015-01-15 22:28:31,1,1.80,-73.979423522949219,40.755149841308594,1,N,-74.003860473632813,40.752651214599609,1,9,0.5,0.5,2.06,0,0.3,12.36
2,2015-01-15 21:45:39,2015-01-15 22:28:18,1,7.55,-73.995735168457031,40.749057769775391,1,N,-73.988998413085938,40.670059204101563,2,32.5,0.5,0.5,0,0,0.3,33.8
1,2015-01-15 22:18:40,2015-01-15 22:28:23,1,1.40,-73.978248596191406,40.752456665039063,1,N,-73.98284912109375,40.766399383544922,2,8.5,0.5,0.5,0,0,0.3,9.8
1,2015-01-15 22:18:45,2015-01-15 22:28:57,1,3.60,-74.015640258789063,40.71112060546875,1,N,-73.995513916015625,40.698070526123047,2,13,0.5,0.5,0,0,0.3,14.3
1,2015-01-15 22:18:48,2015-01-15 22:28:47,4,1.50,-73.982582092285156,40.772209167480469,1,N,-73.964859008789063,40.764919281005859,2,8.5,0.5,0.5,0,0,0.3,9.8
1,2015-01-15 22:18:51,2015-01-15 22:28:43,1,1.20,-73.992027282714844,40.7257080078125,1,N,-74.002532958984375,40.736995697021484,1,8,0.5,0.5,1.85,0,0.3,11.15
1,2015-01-15 22:18:54,2015-01-15 22:28:38,1,1.40,-73.978347778320312,40.756755828857422,1,N,-73.962623596191406,40.765296936035156,1,8,0.5,0.5,1,0,0.3,10.3
1,2015-01-15 22:19:02,2015-01-15 22:28:12,1,2.30,-73.966468811035156,40.757377624511719,1,N,-73.988624572753906,40.727375030517578,2,9,0.5,0.5,0,0,0.3,10.3
1,2015-01-15 22:19:02,2015-01-15 22:28:33,1,1.80,-73.976005554199219,40.759658813476563,1,N,-73.980270385742187,40.738346099853516,1,8.5,0.5,0.5,2,0,0.3,11.8
1,2015-01-15 22:19:02,2015-01-15 22:28:00,1,1.90,-74.003982543945313,40.738224029541016,1,N,-73.997642517089844,40.718467712402344,2,9,0.5,0.5,0,0,0.3,10.3
1,2015-01-15 22:19:08,2015-01-15 22:28:59,1,2.00,-73.972465515136719,40.759727478027344,1,N,-73.985153198242188,40.735992431640625,1,9.5,0.5,0.5,2,0,0.3,12.8
2,2015-01-15 22:12:29,2015-01-15 22:28:43,1,5.75,-73.977439880371094,40.784442901611328,1,N,-73.945571899414063,40.835685729980469,1,18.5,0.5,0.5,4.75,0,0.3,24.55
2,2015-01-15 22:27:35,2015-01-15 22:28:55,1,.52,-73.955123901367188,40.771213531494141,1,N,-73.949432373046875,40.776706695556641,1,3.5,0.5,0.5,0,0,0.3,4.8
1,2015-01-15 22:19:11,2015-01-15 22:28:36,1,1.60,-73.984840393066406,40.769023895263672,1,N,-73.977676391601562,40.753524780273438,2,8,0.5,0.5,0,0,0.3,9.3
1,2015-01-15 22:19:12,2015-01-15 22:28:38,1,2.10,-74.008148193359375,40.716640472412109,1,N,-73.990272521972656,40.734550476074219,1,9,0.5,0.5,2.05,0,0.3,12.35
2,2015-01-15 22:12:32,2015-01-15 22:28:51,1,3.90,0,0,1,N,0,0,1,15,0.5,0.5,1.75,0,0.3,18.05
2,2015-01-15 22:17:28,2015-01-15 22:28:18,1,2.41,-74.000411987304688,40.747634887695313,1,N,-73.992927551269531,40.724159240722656,1,10,0.5,0.5,2.1,0,0.3,13.4
2,2015-01-15 22:17:30,2015-01-15 22:28:50,1,2.48,-73.976539611816406,40.754043579101563,1,N,-73.982589721679688,40.72802734375,1,10.5,0.5,0.5,2.2,0,0.3,14
2,2015-01-15 22:17:30,2015-01-15 22:28:51,1,2.45,-73.974250793457031,40.794868469238281,1,N,-73.959419250488281,40.770900726318359,1,10.5,0.5,0.5,2.2,0,0.3,14
2,2015-01-15 22:17:37,2015-01-15 22:28:55,2,1.74,-73.983108520507812,40.771568298339844,1,N,-73.990226745605469,40.751205444335938,2,9,0.5,0.5,0,0,0.3,10.3
2,2015-01-15 22:05:52,2015-01-15 22:28:07,1,5.51,-74.00341796875,40.749065399169922,1,N,-73.95062255859375,40.783340454101563,1,20.5,0.5,0.5,6.3,0,0.3,28.1
2,2015-01-15 22:12:39,2015-01-15 22:28:56,1,2.78,-74.009513854980469,40.723468780517578,1,N,-73.978607177734375,40.736087799072266,1,12.5,0.5,0.5,0.1,0,0.3,13.9
1,2015-01-15 22:19:24,2015-01-15 22:28:30,1,1.80,-73.996246337890625,40.759971618652344,1,N,-73.998970031738281,40.739406585693359,1,9,0.5,0.5,2.06,0,0.3,12.36
2,2015-01-15 22:12:44,2015-01-15 22:28:49,4,3.21,-73.956367492675781,40.78125,1,N,-73.993377685546875,40.752151489257813,2,14,0.5,0.5,0,0,0.3,15.3
2,2015-01-15 22:12:44,2015-01-15 22:28:03,3,2.49,-73.997886657714844,40.746101379394531,1,N,-73.988189697265625,40.722679138183594,1,11.5,0.5,0.5,2,0,0.3,14.8
2,2015-01-15 22:12:45,2015-01-15 22:28:00,1,2.46,-74.001136779785156,40.725933074951172,1,N,-73.982719421386719,40.755893707275391,1,12,0.5,0.5,0,0,0.3,13.3
2,2015-01-15 22:06:09,2015-01-15 22:28:44,2,3.93,-74.005393981933594,40.726547241210938,1,N,-73.975212097167969,40.765205383300781,1,17,0.5,0.5,3.5,0,0.3,21.8
2,2015-01-15 22:12:50,2015-01-15 22:28:38,1,4.30,-73.991447448730469,40.749828338623047,1,N,-73.970550537109375,40.797359466552734,2,15,0.5,0.5,0,0,0.3,16.3
2,2015-01-15 22:17:49,2015-01-15 22:28:45,2,2.33,-73.975753784179688,40.751266479492188,1,N,-73.99810791015625,40.725040435791016,1,9.5,0.5,0.5,2,0,0.3,12.8
1,2015-01-15 22:19:38,2015-01-15 22:28:00,1,1.50,-73.951103210449219,40.778564453125,1,N,-73.966720581054687,40.764144897460937,2,8,0.5,0.5,0,0,0.3,9.3
1,2015-01-15 22:19:38,2015-01-15 22:28:14,2,2.50,-73.977775573730469,40.746040344238281,1,N,-73.956306457519531,40.747714996337891,1,9.5,0.5,0.5,3.22,5.33,0.3,19.35
2,2015-01-15 22:06:13,2015-01-15 22:28:52,1,9.76,-73.873153686523438,40.774139404296875,1,N,-73.997245788574219,40.735832214355469,1,29,0.5,0.5,4,5.33,0.3,39.63
2,2015-01-15 22:17:56,2015-01-15 22:28:25,1,3.36,-73.977516174316406,40.784206390380859,1,N,-73.945426940917969,40.820976257324219,1,11.5,0.5,0.5,1,0,0.3,13.8
1,2015-01-15 22:19:44,2015-01-15 22:28:56,1,2.10,-73.98345947265625,40.759967803955078,1,N,-73.991981506347656,40.735443115234375,1,9,0.5,0.5,2.05,0,0.3,12.35
2,2015-01-15 22:12:56,2015-01-15 22:28:22,6,3.08,-73.987297058105469,40.729209899902344,1,N,-73.981796264648437,40.762599945068359,1,13,0.5,0.5,2.7,0,0.3,17
2,2015-01-15 22:12:59,2015-01-15 22:28:10,4,4.13,-73.954345703125,40.764236450195313,1,N,-73.992195129394531,40.730770111083984,1,15.5,0.5,0.5,3.2,0,0.3,20
2,2015-01-15 22:17:58,2015-01-15 22:28:30,1,1.72,-73.994781494140625,40.751945495605469,1,N,-73.978507995605469,40.752651214599609,2,9,0.5,0.5,0,0,0.3,10.3
2,2015-01-15 22:17:59,2015-01-15 22:28:43,2,3.66,-74.004631042480469,40.747993469238281,1,N,-73.971443176269531,40.792625427246094,1,12,0.5,0.5,3,0,0.3,16.3
1,2015-01-15 22:19:49,2015-01-15 22:28:37,1,1.20,-73.981170654296875,40.748271942138672,1,N,-73.987091064453125,40.760738372802734,1,7.5,0.5,0.5,1.75,0,0.3,10.55
2,2015-01-15 22:07:04,2015-01-15 22:28:54,1,9.07,-73.863304138183594,40.769023895263672,1,N,-73.962135314941406,40.762088775634766,1,28,0.5,0.5,7.12,0,0.3,36.42
2,2015-01-15 22:28:28,2015-01-15 22:28:30,2,.00,0,0,1,N,0,0,1,2.5,0.5,0.5,20,0,0.3,23.8
1,2015-01-15 22:20:07,2015-01-15 22:28:17,1,1.90,-73.97186279296875,40.757339477539063,1,N,-73.992332458496094,40.741077423095703,1,8,0.5,0.5,1,0,0.3,10.3
1,2015-01-15 22:20:08,2015-01-15 22:28:21,1,2.30,-73.982589721679688,40.731529235839844,1,N,-73.960655212402344,40.761356353759766,1,9.5,0.5,0.5,2.15,0,0.3,12.95
1,2015-01-15 22:20:03,2015-01-15 22:28:14,2,1.20,-74.008613586425781,40.719181060791016,1,N,-74.013359069824219,40.708591461181641,1,7.5,0.5,0.5,1,0,0.3,9.8
1,2015-01-15 22:20:10,2015-01-15 22:28:19,1,2.00,-73.997184753417969,40.720649719238281,1,Y,-74.002189636230469,40.742050170898438,1,8.5,0.5,0.5,2.45,0,0.3,12.25
2,2015-01-15 22:07:15,2015-01-15 22:28:33,1,5.75,-73.978813171386719,40.750030517578125,1,N,-73.965736389160156,40.683208465576172,1,20.5,0.5,0.5,3,0,0.3,24.8
2,2015-01-15 22:28:39,2015-01-15 22:28:49,2,.00,-73.981529235839844,40.749656677246094,2,N,0,0,1,52,0,0.5,11.47,5.33,0.3,69.6
1,2015-01-15 22:20:13,2015-01-15 22:28:20,1,2.10,-73.989837646484375,40.757125854492188,1,N,-74.008209228515625,40.738277435302734,2,8.5,0.5,0.5,0,0,0.3,9.8
1,2015-01-15 22:20:14,2015-01-15 22:28:54,1,1.60,-73.953483581542969,40.779621124267578,1,N,-73.975631713867188,40.7891845703125,1,8.5,0.5,0.5,1.95,0,0.3,11.75
1,2015-01-15 22:20:15,2015-01-15 22:28:22,1,1.80,-73.989166259765625,40.688468933105469,1,N,-73.9619140625,40.682388305664063,1,8,0.5,0.5,2.5,0,0.3,11.8
1,2015-01-15 22:20:16,2015-01-15 22:28:15,1,2.50,-73.98187255859375,40.730201721191406,1,N,-73.961013793945313,40.760478973388672,2,9.5,0.5,0.5,0,0,0.3,10.8
1,2015-01-15 22:20:20,2015-01-15 22:28:20,1,1.90,-73.984237670898438,40.748199462890625,1,N,-73.989456176757813,40.767601013183594,1,8.5,0.5,0.5,1.5,0,0.3,11.3
1,2015-01-15 22:20:20,2015-01-15 22:28:45,1,2.10,-73.976333618164062,40.765693664550781,1,N,-73.955764770507813,40.787082672119141,1,9,0.5,0.5,1.8,0,0.3,12.1
1,2015-01-15 22:20:21,2015-01-15 22:28:56,1,1.60,-73.954978942871094,40.820056915283203,1,N,-73.941970825195313,40.812404632568359,2,8,0.5,0.5,0,0,0.3,9.3
1,2015-01-15 22:20:21,2015-01-15 22:28:02,1,1.10,-73.983985900878906,40.72705078125,1,N,-73.998893737792969,40.734188079833984,1,7,0.5,0.5,1.65,0,0.3,9.95
2,2015-01-15 22:07:36,2015-01-15 22:28:31,1,5.79,-73.956428527832031,40.775367736816406,1,N,-74.006591796875,40.736446380615234,2,20.5,0.5,0.5,0,0,0.3,21.8
1,2015-01-15 22:20:36,2015-01-15 22:28:36,1,1.80,-73.9755859375,40.756870269775391,1,N,-73.95458984375,40.769573211669922,1,8,0.5,0.5,1.85,0,0.3,11.15
2,2015-01-15 22:13:02,2015-01-15 22:28:02,1,2.89,-73.9744873046875,40.750846862792969,1,N,-74.007766723632813,40.731887817382813,1,12.5,0.5,0.5,3.25,0,0.3,17.05
2,2015-01-15 22:13:12,2015-01-15 22:28:32,6,3.09,-73.979583740234375,40.765239715576172,1,N,-73.956382751464844,40.77398681640625,2,12.5,0.5,0.5,0,0,0.3,13.8
2,2015-01-15 22:13:13,2015-01-15 22:28:50,1,4.01,-73.98236083984375,40.7681884765625,1,N,-74.010414123535156,40.7301025390625,1,15.5,0.5,0.5,3.2,0,0.3,20
2,2015-01-15 22:13:17,2015-01-15 22:28:27,1,3.37,-73.981063842773438,40.763847351074219,1,N,-74.004356384277344,40.721092224121094,1,13,0.5,0.5,2.7,0,0.3,17
2,2015-01-15 22:13:21,2015-01-15 22:28:54,1,3.38,-73.999176025390625,40.719921112060547,1,N,-73.952713012695312,40.717529296875,2,14.5,0.5,0.5,0,0,0.3,15.8
2,2015-01-15 22:13:25,2015-01-15 22:28:07,1,2.86,-73.975784301757812,40.759937286376953,1,N,-73.9432373046875,40.777332305908203,1,12.5,0.5,0.5,2.6,0,0.3,16.4
2,2015-01-15 22:13:27,2015-01-15 22:28:17,1,3.63,-73.9727783203125,40.747524261474609,1,N,-73.956611633300781,40.747920989990234,1,13.5,0.5,0.5,2.8,0,0.3,17.6
2,2015-01-15 22:13:34,2015-01-15 22:28:14,2,3.17,-73.976333618164062,40.763782501220703,1,N,-74.002967834472656,40.731273651123047,1,12.5,0.5,0.5,2.6,0,0.3,16.4
2,2015-01-15 22:13:38,2015-01-15 22:28:09,6,2.31,-73.986618041992188,40.733169555664063,1,N,-73.996330261230469,40.755989074707031,1,11.5,0.5,0.5,1,0,0.3,13.8
2,2015-01-15 22:13:40,2015-01-15 22:28:07,6,2.86,-73.988479614257813,40.744571685791016,1,N,-73.968032836914062,40.759361267089844,1,12,0.5,0.5,2.5,0,0.3,15.8
1,2015-01-15 22:20:43,2015-01-15 22:28:53,1,1.90,-73.997856140136719,40.683059692382813,1,N,-73.970787048339844,40.681877136230469,1,8,0.5,0.5,1.85,0,0.3,11.15
1,2015-01-15 22:20:44,2015-01-15 22:28:46,1,1.70,-73.978660583496094,40.747711181640625,1,N,-73.989036560058594,40.726322174072266,1,8,0.5,0.5,1.86,0,0.3,11.16
1,2015-01-15 22:20:49,2015-01-15 22:28:32,1,1.80,-73.940681457519531,40.79290771484375,1,N,-73.961067199707031,40.777591705322266,1,8,0.5,0.5,1,0,0.3,10.3
1,2015-01-15 22:20:53,2015-01-15 22:28:08,1,.90,-73.988899230957031,40.748237609863281,1,N,-73.98876953125,40.75848388671875,2,6.5,0.5,0.5,0,0,0.3,7.8
1,2015-01-15 22:20:56,2015-01-15 22:28:48,2,1.40,-73.984703063964844,40.759323120117188,1,N,-73.998512268066406,40.742057800292969,2,7.5,0.5,0.5,0,0,0.3,8.8
1,2015-01-15 22:21:00,2015-01-15 22:28:27,1,.90,-73.979820251464844,40.745517730712891,1,N,-73.994407653808594,40.74615478515625,1,6.5,0.5,0.5,1.56,0,0.3,9.36
1,2015-01-15 22:21:01,2015-01-15 22:28:46,1,1.10,0,0,1,N,0,0,2,7,0.5,0.5,0,0,0.3,8.3
1,2015-01-15 22:21:02,2015-01-15 22:28:57,1,1.90,-73.97784423828125,40.746028900146484,1,N,-73.980682373046875,40.728023529052734,1,8,0.5,0.5,1.8,0,0.3,11.1
1,2015-01-15 22:21:02,2015-01-15 22:28:50,1,1.40,-73.975395202636719,40.735584259033203,1,N,-73.992912292480469,40.731643676757813,2,7,0.5,0.5,0,0,0.3,8.3
1,2015-01-15 22:21:04,2015-01-15 22:28:20,1,.00,-73.789802551269531,40.643756866455078,2,N,-73.789390563964844,40.643550872802734,3,52,0,0.5,0,0,0.3,52.8
1,2015-01-15 22:21:07,2015-01-15 22:28:49,1,1.30,-73.958946228027344,40.774593353271484,1,N,-73.958641052246094,40.761562347412109,1,7.5,0.5,0.5,1.75,0,0.3,10.55
1,2015-01-15 22:21:13,2015-01-15 22:28:54,2,1.60,-74.001373291015625,40.687789916992188,1,N,-73.982444763183594,40.682655334472656,1,7.5,0.5,0.5,2,0,0.3,10.8
1,2015-01-15 22:21:18,2015-01-15 22:28:42,2,1.40,-73.996047973632813,40.744205474853516,1,N,-73.978897094726563,40.752151489257813,1,7.5,0.5,0.5,1.2,0,0.3,10
1,2015-01-15 22:21:22,2015-01-15 22:28:37,2,1.30,-73.984893798828125,40.741962432861328,1,N,-74.004081726074219,40.742767333984375,1,7,0.5,0.5,0.9,0,0.3,9.2
1,2015-01-15 22:21:31,2015-01-15 22:28:01,1,1.00,-73.981925964355469,40.728172302246094,1,N,-73.993278503417969,40.720233917236328,1,6.5,0.5,0.5,1.55,0,0.3,9.35
1,2015-01-15 22:21:33,2015-01-15 22:28:31,2,.40,-74.000160217285156,40.734638214111328,1,N,-74.000907897949219,40.729213714599609,1,6,0.5,0.5,1,0,0.3,8.3
1,2015-01-15 22:21:36,2015-01-15 22:28:23,1,1.30,-73.966499328613281,40.757339477539063,1,N,-73.951545715332031,40.766407012939453,1,7,0.5,0.5,1.65,0,0.3,9.95
1,2015-01-15 22:21:47,2015-01-15 22:28:25,1,1.40,-73.950843811035156,40.770553588867188,1,N,-73.965644836425781,40.756160736083984,1,7,0.5,0.5,1,0,0.3,9.3
1,2015-01-15 22:21:48,2015-01-15 22:28:09,1,1.40,-73.987594604492187,40.747520446777344,1,N,-74.004043579101563,40.738182067871094,2,7,0.5,0.5,0,0,0.3,8.3
1,2015-01-15 22:21:54,2015-01-15 22:28:49,1,1.20,-73.996368408203125,40.74334716796875,1,N,-73.981460571289063,40.745391845703125,1,7,0.5,0.5,1.7,0,0.3,10
2,2015-01-15 22:22:00,2015-01-15 22:28:19,2,1.23,-73.988494873046875,40.746078491210937,1,N,-73.998115539550781,40.756656646728516,1,6.5,0.5,0.5,1,0,0.3,8.8
2,2015-01-15 22:22:03,2015-01-15 22:28:22,1,1.44,-73.974220275878906,40.751209259033203,1,N,-73.95916748046875,40.766048431396484,2,7,0.5,0.5,0,0,0.3,8.3
1,2015-01-15 22:22:12,2015-01-15 22:28:04,1,1.40,-73.971893310546875,40.758590698242188,1,N,-73.978279113769531,40.77301025390625,2,7,0.5,0.5,0,0,0.3,8.3
1,2015-01-15 22:22:12,2015-01-15 22:28:07,1,.60,-73.992881774902344,40.742847442626953,1,N,-73.99139404296875,40.749950408935547,2,5.5,0.5,0.5,0,0,0.3,6.8
2,2015-01-15 22:22:09,2015-01-15 22:28:23,5,.79,-73.981918334960938,40.756656646728516,1,N,-73.981918334960938,40.765125274658203,1,6,0.5,0.5,1.3,0,0.3,8.6
2,2015-01-15 22:22:11,2015-01-15 22:28:30,1,1.12,-73.978553771972656,40.75640869140625,1,N,-73.991706848144531,40.749149322509766,1,6.5,0.5,0.5,1.4,0,0.3,9.2
1,2015-01-15 21:56:58,2015-01-15 22:28:04,2,6.50,-73.996421813964844,40.736553192138672,1,N,-73.922111511230469,40.767215728759766,1,25,0.5,0.5,5.5,0,0.3,31.8
1,2015-01-15 22:22:16,2015-01-15 22:28:45,1,1.30,-73.992996215820313,40.729877471923828,1,N,-74.008964538574219,40.718563079833984,1,7,0.5,0.5,2.07,0,0.3,10.37
2,2015-01-15 22:22:12,2015-01-15 22:28:32,1,1.37,-74.009376525878906,40.707618713378906,1,N,-74.013961791992188,40.716819763183594,1,7,0.5,0.5,1.5,0,0.3,9.8
1,2015-01-15 22:22:26,2015-01-15 22:28:19,3,1.40,-74.00445556640625,40.741741180419922,1,N,-73.991943359375,40.746639251708984,1,6.5,0.5,0.5,1.95,0,0.3,9.75
1,2015-01-15 22:22:26,2015-01-15 22:28:23,1,1.30,-73.995880126953125,40.732540130615234,1,N,-74.004371643066406,40.716121673583984,1,6.5,0.5,0.5,1.95,0,0.3,9.75
2,2015-01-15 22:22:18,2015-01-15 22:28:09,1,.81,-73.981132507324219,40.769096374511719,1,N,-73.982093811035156,40.763378143310547,1,5.5,0.5,0.5,1.2,0,0.3,8
1,2015-01-15 22:22:28,2015-01-15 22:28:04,2,.60,-73.96099853515625,40.777439117431641,1,N,-73.959228515625,40.772651672363281,1,5.5,0.5,0.5,1.35,0,0.3,8.15
2,2015-01-15 22:22:21,2015-01-15 22:28:19,1,1.21,-73.979499816894531,40.765079498291016,1,N,-73.962821960449219,40.755718231201172,1,6.5,0.5,0.5,1.75,0,0.3,9.55
2,2015-01-15 22:22:22,2015-01-15 22:28:44,2,1.50,-74.006271362304688,40.733760833740234,1,N,-74.002067565917969,40.750675201416016,2,7,0.5,0.5,0,0,0.3,8.3
2,2015-01-15 22:22:24,2015-01-15 22:28:34,2,1.93,-73.955879211425781,40.763847351074219,1,N,-73.976509094238281,40.747608184814453,1,8.5,0.5,0.5,2.7,0,0.3,12.5
1,2015-01-15 22:22:34,2015-01-15 22:28:04,3,.80,-73.993309020996094,40.741451263427734,1,N,-73.990837097167969,40.750217437744141,1,5.5,0.5,0.5,1.7,0,0.3,8.5
1,2015-01-15 22:22:35,2015-01-15 22:28:41,1,.90,-73.962150573730469,40.778091430664063,1,N,-73.96490478515625,40.768241882324219,1,6,0.5,0.5,0.5,0,0.3,7.8
2,2015-01-15 22:22:28,2015-01-15 22:28:13,1,.80,-73.984611511230469,40.769279479980469,1,N,-73.9715576171875,40.762680053710937,2,5.5,0.5,0.5,0,0,0.3,6.8
2,2015-01-15 22:22:28,2015-01-15 22:28:00,1,.89,-74.009025573730469,40.719398498535156,1,N,-74.002227783203125,40.727947235107422,1,5.5,0.5,0.5,1.8,0,0.3,8.6
2,2015-01-15 22:22:30,2015-01-15 22:28:11,1,1.95,-73.967048645019531,40.7559814453125,1,N,-73.949684143066406,40.777931213378906,2,7.5,0.5,0.5,0,0,0.3,8.8
2,2015-01-15 22:22:31,2015-01-15 22:28:04,5,2.08,-74.014640808105469,40.710605621337891,1,N,-74.004501342773438,40.735347747802734,2,8,0.5,0.5,0,0,0.3,9.3
1,2015-01-15 22:22:44,2015-01-15 22:28:27,1,1.30,-73.9866943359375,40.747737884521484,1,N,-74.0010986328125,40.740070343017578,2,6.5,0.5,0.5,0,0,0.3,7.8
1,2015-01-15 22:22:45,2015-01-15 22:28:45,2,.90,-73.979637145996094,40.755210876464844,1,N,-73.991226196289062,40.749916076660156,1,6,0.5,0.5,1.8,0,0.3,9.1
1,2015-01-15 22:22:45,2015-01-15 22:28:24,1,1.40,-73.970161437988281,40.794246673583984,1,N,-73.952392578125,40.803096771240234,1,6.5,0.5,0.5,1.55,0,0.3,9.35
1,2015-01-15 22:22:48,2015-01-15 22:28:26,1,1.80,-73.982337951660156,40.773921966552734,1,N,-73.966011047363281,40.790462493896484,2,7,0.5,0.5,0,0,0.3,8.3
2,2015-01-15 22:22:39,2015-01-15 22:28:30,1,.88,0,0,1,N,0,0,2,5.5,0.5,0.5,0,0,0.3,6.8
2,2015-01-15 22:22:43,2015-01-15 22:28:06,1,1.20,-73.988945007324219,40.736656188964844,1,N,-73.975776672363281,40.746467590332031,1,6,0.5,0.5,1.3,0,0.3,8.6
1,2015-01-15 22:22:52,2015-01-15 22:28:39,1,1.10,-73.981552124023438,40.764492034912109,1,N,0,0,2,6,0.5,0.5,0,0,0.3,7.3
1,2015-01-15 22:22:52,2015-01-15 22:28:28,1,1.50,0,0,1,N,0,0,2,6.5,0.5,0.5,0,0,0.3,7.8
1,2015-01-15 22:22:55,2015-01-15 22:28:26,1,.70,-73.977790832519531,40.751144409179688,1,N,-73.982917785644531,40.746875762939453,1,5.5,0.5,0.5,1.36,0,0.3,8.16
1,2015-01-15 22:22:58,2015-01-15 22:28:49,1,1.40,-73.985916137695313,40.746997833251953,1,N,-73.991363525390625,40.760124206542969,1,6.5,0.5,0.5,1,0,0.3,8.8
1,2015-01-15 21:57:41,2015-01-15 22:28:36,1,4.80,-73.977813720703125,40.761146545410156,1,N,-74.00445556640625,40.730514526367188,1,6,0.5,0.5,1.46,0,0.3,8.76
1,2015-01-15 22:23:01,2015-01-15 22:28:14,1,.50,-73.961532592773438,40.756977081298828,1,N,-73.969451904296875,40.757572174072266,2,5,0.5,0.5,0,0,0.3,6.3
1,2015-01-15 22:23:04,2015-01-15 22:28:06,1,1.30,-73.949592590332031,40.780845642089844,1,N,-73.963058471679688,40.768199920654297,1,6,0.5,0.5,1.45,0,0.3,8.75
1,2015-01-15 22:23:08,2015-01-15 22:28:12,1,1.20,-73.974266052246094,40.746467590332031,1,N,-73.986099243164062,40.730648040771484,2,6,0.5,0.5,0,0,0.3,7.3
1,2015-01-15 22:23:17,2015-01-15 22:28:41,1,1.10,-73.985923767089844,40.722286224365234,1,N,-73.997802734375,40.713741302490234,1,6.5,0.5,0.5,1.95,0,0.3,9.75
1,2015-01-15 22:23:21,2015-01-15 22:28:09,2,1.00,-73.989059448242188,40.721412658691406,1,N,-73.985466003417969,40.733463287353516,2,5.5,0.5,0.5,0,0,0.3,6.8
1,2015-01-15 22:23:36,2015-01-15 22:28:43,3,.90,-73.987960815429688,40.737640380859375,1,N,-73.981529235839844,40.749256134033203,2,6,0.5,0.5,0,0,0.3,7.3
1,2015-01-15 22:23:46,2015-01-15 22:28:22,1,1.20,-73.949981689453125,40.779991149902344,1,N,-73.955055236816406,40.765750885009766,1,6,0.5,0.5,1.45,0,0.3,8.75
1,2015-01-15 22:23:49,2015-01-15 22:28:44,1,.80,-73.969093322753906,40.754104614257813,1,N,-73.978599548339844,40.748001098632813,1,5.5,0.5,0.5,1.35,0,0.3,8.15
2,2015-01-15 21:55:29,2015-01-15 22:28:23,1,8.88,-73.977127075195313,40.784938812255859,1,N,-73.882080078125,40.743556976318359,2,30,0.5,0.5,0,0,0.3,31.3
2,2015-01-15 22:21:20,2015-01-15 22:28:25,1,1.08,-73.984542846679688,40.759109497070313,1,N,-73.979400634765625,40.766761779785156,1,6.5,0.5,0.5,3,0,0.3,10.8
2,2015-01-15 22:21:20,2015-01-15 22:28:38,1,1.52,-74.001136779785156,40.741546630859375,1,N,-73.980484008789063,40.742473602294922,2,7.5,0.5,0.5,0,0,0.3,8.8
2,2015-01-15 22:21:22,2015-01-15 22:28:02,1,1.22,-73.97711181640625,40.758529663085937,1,N,-73.98388671875,40.743759155273438,2,7,0.5,0.5,0,0,0.3,8.3
2,2015-01-15 22:21:23,2015-01-15 22:28:56,1,1.61,-73.969467163085937,40.75714111328125,1,N,-73.95294189453125,40.771568298339844,1,7.5,0.5,0.5,1.6,0,0.3,10.4
2,2015-01-15 22:22:46,2015-01-15 22:28:46,5,2.15,-73.970695495605469,40.747650146484375,1,N,-73.9522705078125,40.773910522460938,1,8,0.5,0.5,1,0,0.3,10.3
2,2015-01-15 22:22:47,2015-01-15 22:28:03,2,1.54,-73.984634399414062,40.748130798339844,1,N,-73.990646362304687,40.731502532958984,1,7,0.5,0.5,1,0,0.3,9.3
2,2015-01-15 22:19:25,2015-01-15 22:28:09,1,2.19,-73.988914489746094,40.742515563964844,1,N,-74.003875732421875,40.716815948486328,1,9,0.5,0.5,2.38,0,0.3,12.68
2,2015-01-15 22:19:27,2015-01-15 22:28:17,1,1.79,-73.977714538574219,40.746177673339844,1,N,-73.996101379394531,40.737159729003906,1,8.5,0.5,0.5,1,0,0.3,10.8
2,2015-01-15 22:19:29,2015-01-15 22:28:30,2,2.01,-73.981956481933594,40.768138885498047,1,N,-73.96405029296875,40.774623870849609,2,9.5,0.5,0.5,0,0,0.3,10.8
2,2015-01-15 22:19:29,2015-01-15 22:28:52,5,3.20,-73.994064331054688,40.761466979980469,1,N,-73.964164733886719,40.799766540527344,1,11,0.5,0.5,2.3,0,0.3,14.6
2,2015-01-15 22:21:25,2015-01-15 22:28:01,1,1.50,-73.996627807617188,40.623161315917969,1,N,-73.996627807617188,40.623161315917969,2,7,0.5,0.5,0,0,0.3,8.3
2,2015-01-15 22:22:50,2015-01-15 22:28:10,1,1.20,-73.991493225097656,40.726978302001953,1,N,-73.977371215820313,40.733921051025391,1,6,0.5,0.5,1.62,0,0.3,8.92
2,2015-01-15 22:22:52,2015-01-15 22:28:45,1,1.55,-74.01495361328125,40.714241027832031,1,N,-74.007781982421875,40.704826354980469,1,7.5,0.5,0.5,1.6,0,0.3,10.4
1,2015-01-15 22:23:58,2015-01-15 22:28:39,1,.90,-73.953788757324219,40.785171508789062,1,N,-73.946296691894531,40.777305603027344,2,5.5,0.5,0.5,0,0,0.3,6.8
1,2015-01-15 22:23:58,2015-01-15 22:28:55,2,1.00,-73.987998962402344,40.732025146484375,1,N,-73.978256225585937,40.745292663574219,2,6,0.5,0.5,0,0,0.3,7.3
2,2015-01-15 22:21:29,2015-01-15 22:28:26,1,1.39,-73.974700927734375,40.752952575683594,1,N,-73.984977722167969,40.736396789550781,1,7,0.5,0.5,1.5,0,0.3,9.8
2,2015-01-15 22:21:32,2015-01-15 22:28:06,1,1.48,-73.961090087890625,40.780593872070312,1,N,-73.978500366210938,40.772285461425781,1,7.5,0.5,0.5,1.6,0,0.3,10.4
2,2015-01-15 22:22:52,2015-01-15 22:28:50,1,.77,-73.973350524902344,40.763698577880859,1,N,-73.974723815917969,40.756416320800781,2,6,0.5,0.5,0,0,0.3,7.3
1,2015-01-15 22:23:59,2015-01-15 22:28:33,1,1.20,-73.988357543945313,40.774662017822266,1,N,-73.994667053222656,40.760990142822266,1,6,0.5,0.5,1.46,0,0.3,8.76
2,2015-01-15 22:21:33,2015-01-15 22:28:34,1,1.68,-73.984848022460938,40.747028350830078,1,N,-73.987724304199219,40.729373931884766,2,7.5,0.5,0.5,0,0,0.3,8.8
2,2015-01-15 22:21:33,2015-01-15 22:28:31,2,1.54,-73.992134094238281,40.725154876708984,1,N,-73.983184814453125,40.743801116943359,1,7.5,0.5,0.5,1.6,0,0.3,10.4
2,2015-01-15 22:21:34,2015-01-15 22:28:52,2,1.47,-73.987052917480469,40.720684051513672,1,N,-74.005729675292969,40.725677490234375,1,7.5,0.5,0.5,1.6,0,0.3,10.4
2,2015-01-15 22:21:34,2015-01-15 22:28:41,1,1.43,-73.980918884277344,40.763420104980469,1,N,-73.978530883789063,40.7764892578125,2,7,0.5,0.5,0,0,0.3,8.3
2,2015-01-15 22:21:34,2015-01-15 22:28:01,1,2.08,-73.971199035644531,40.755931854248047,1,N,-73.951881408691406,40.781700134277344,1,8,0.5,0.5,1.7,0,0.3,11
2,2015-01-15 22:23:02,2015-01-15 22:28:57,1,1.22,-73.979568481445313,40.760162353515625,1,N,-73.980018615722656,40.772998809814453,1,6.5,0.5,0.5,1.4,0,0.3,9.2
2,2015-01-15 22:23:02,2015-01-15 22:28:31,1,.79,-73.981285095214844,40.769031524658203,1,N,-73.977447509765625,40.764511108398438,2,5.5,0.5,0.5,0,0,0.3,6.8
2,2015-01-15 22:23:02,2015-01-15 22:28:31,1,.79,-73.981285095214844,40.769031524658203,1,N,-73.977447509765625,40.764511108398438,2,-5.5,-0.5,-0.5,0,0,0.3,-6.8
1,2015-01-15 22:24:07,2015-01-15 22:28:13,1,.60,-73.985618591308594,40.763683319091797,1,N,-73.975959777832031,40.760955810546875,2,4.5,0.5,0.5,0,0,0.3,5.8
2,2015-01-15 22:19:38,2015-01-15 22:28:51,1,1.85,-73.974205017089844,40.753391265869141,1,N,-73.979591369628906,40.733116149902344,2,9,0.5,0.5,0,0,0.3,10.3
2,2015-01-15 22:19:39,2015-01-15 22:28:59,5,1.81,-74.007881164550781,40.715118408203125,1,N,-74.002288818359375,40.729461669921875,1,8.5,0.5,0.5,1.8,0,0.3,11.6
2,2015-01-15 22:21:40,2015-01-15 22:28:58,6,1.79,-74.007766723632813,40.740493774414062,1,N,-74.003395080566406,40.719783782958984,1,7.5,0.5,0.5,1.6,0,0.3,10.4
2,2015-01-15 22:21:40,2015-01-15 22:28:10,1,1.07,-73.980598449707031,40.764713287353516,1,N,-73.989898681640625,40.751728057861328,1,6.5,0.5,0.5,1.75,0,0.3,9.55
2,2015-01-15 22:23:05,2015-01-15 22:28:03,1,1.63,-73.978843688964844,40.778366088867188,1,N,-73.967796325683594,40.797462463378906,1,6.5,0.5,0.5,2.1,0,0.3,9.9
2,2015-01-15 22:23:09,2015-01-15 22:28:59,1,1.03,-74.002433776855469,40.718769073486328,1,N,-73.995002746582031,40.719791412353516,2,6,0.5,0.5,0,0,0.3,7.3
1,2015-01-15 22:24:12,2015-01-15 22:28:46,1,.70,-73.999801635742187,40.738288879394531,1,N,-73.997016906738281,40.745368957519531,1,5,0.5,0.5,1,0,0.3,7.3
1,2015-01-15 22:24:14,2015-01-15 22:28:18,1,.70,-73.976783752441406,40.733684539794922,1,N,-73.974716186523438,40.741783142089844,1,5,0.5,0.5,0.5,0,0.3,6.8
2,2015-01-15 22:21:44,2015-01-15 22:28:19,2,1.40,-73.98638916015625,40.743576049804688,1,N,-74.002273559570312,40.734638214111328,1,7,0.5,0.5,1.5,0,0.3,9.8
2,2015-01-15 22:21:44,2015-01-15 22:28:24,1,1.45,-73.981277465820313,40.77264404296875,1,N,-73.976104736328125,40.785663604736328,2,7,0.5,0.5,0,0,0.3,8.3
2,2015-01-15 22:21:45,2015-01-15 22:28:06,1,1.26,-73.980018615722656,40.754066467285156,1,N,-73.978485107421875,40.741340637207031,1,6.5,0.5,0.5,1.4,0,0.3,9.2
2,2015-01-15 22:23:11,2015-01-15 22:28:47,3,1.15,-73.988777160644531,40.745128631591797,1,N,-73.973548889160156,40.743431091308594,1,6,0.5,0.5,1.3,0,0.3,8.6
1,2015-01-15 22:24:18,2015-01-15 22:28:08,2,.60,-73.984596252441406,40.742626190185547,1,N,-73.977157592773438,40.745441436767578,1,4.5,0.5,0.5,1.15,0,0.3,6.95
1,2015-01-15 22:24:20,2015-01-15 22:28:28,2,.70,-73.975639343261719,40.749217987060547,1,N,-73.967750549316406,40.753654479980469,1,5,0.5,0.5,0.95,0,0.3,7.25
1,2015-01-15 22:24:21,2015-01-15 22:28:22,1,.80,-74.002494812011719,40.750137329101563,1,N,-73.991592407226562,40.751411437988281,2,5,0.5,0.5,0,0,0.3,6.3
2,2015-01-15 22:21:52,2015-01-15 22:28:03,1,.95,-73.988983154296875,40.752803802490234,1,N,-73.9898681640625,40.762550354003906,1,6,0.5,0.5,1.3,0,0.3,8.6
2,2015-01-15 22:23:13,2015-01-15 22:28:55,1,1.03,-73.973320007324219,40.754562377929687,1,N,-73.976577758789063,40.764575958251953,1,6,0.5,0.5,1.3,0,0.3,8.6
2,2015-01-15 21:56:04,2015-01-15 22:28:38,1,19.10,-73.782356262207031,40.644638061523438,2,N,-74.002723693847656,40.727222442626953,1,52,0,0.5,10.4,0,0.3,63.2
2,2015-01-15 22:19:52,2015-01-15 22:28:08,1,1.19,-73.991119384765625,40.749797821044922,1,N,-73.979316711425781,40.752811431884766,2,7.5,0.5,0.5,0,0,0.3,8.8
2,2015-01-15 22:19:57,2015-01-15 22:28:20,1,1.10,-74.003318786621094,40.731712341308594,1,N,-73.999610900878906,40.720855712890625,2,7.5,0.5,0.5,0,0,0.3,8.8
2,2015-01-15 22:19:57,2015-01-15 22:28:42,4,1.40,-73.982711791992188,40.768978118896484,1,N,-73.973052978515625,40.755020141601563,1,7.5,0.5,0.5,2.4,0,0.3,11.2
2,2015-01-15 22:21:56,2015-01-15 22:28:33,1,.65,-73.979278564453125,40.752590179443359,1,N,-73.981056213378906,40.74700927734375,1,6,0.5,0.5,1.3,0,0.3,8.6
2,2015-01-15 22:21:58,2015-01-15 22:28:55,5,1.13,-73.987419128417969,40.738651275634766,1,N,-73.9859619140625,40.726371765136719,1,6.5,0.5,0.5,1,0,0.3,8.8
2,2015-01-15 22:21:58,2015-01-15 22:28:06,1,1.40,-73.991310119628906,40.745029449462891,1,N,-73.987625122070313,40.732547760009766,2,7,0.5,0.5,0,0,0.3,8.3
2,2015-01-15 22:23:21,2015-01-15 22:28:12,1,.94,-73.979743957519531,40.767105102539062,1,N,-73.982078552246094,40.779644012451172,2,5.5,0.5,0.5,0,0,0.3,6.8
2,2015-01-15 21:54:05,2015-01-15 22:28:16,1,8.50,-73.9720458984375,40.754043579101563,1,N,-73.85760498046875,40.724857330322266,1,29.5,0.5,0.5,6,0,0.3,36.8
2,2015-01-15 22:02:16,2015-01-15 22:28:29,1,5.97,-74.001564025878906,40.746231079101563,1,N,-73.971626281738281,40.675891876220703,1,22,0.5,0.5,4.5,0,0.3,27.8
2,2015-01-15 21:54:23,2015-01-15 22:28:35,1,6.81,-73.997138977050781,40.722419738769531,1,N,-73.949974060058594,40.785472869873047,1,26,0.5,0.5,4,0,0.3,31.3
2,2015-01-15 21:54:34,2015-01-15 22:28:30,1,13.35,-74.004737854003906,40.741954803466797,1,N,-73.814262390136719,40.709678649902344,1,40.5,0.5,0.5,5,5.33,0.3,52.13
2,2015-01-15 22:03:06,2015-01-15 22:28:42,6,16.68,-73.785781860351563,40.645721435546875,2,N,-73.985069274902344,40.746311187744141,1,52,0,0.5,11.63,5.33,0.3,69.76
1,2015-01-15 22:24:49,2015-01-15 22:28:51,1,1.30,-73.981513977050781,40.776134490966797,1,N,-73.972000122070313,40.792255401611328,2,6,0.5,0.5,0,0,0.3,7.3
1,2015-01-15 22:24:52,2015-01-15 22:28:25,1,.70,-74.001976013183594,40.719333648681641,1,N,-74.010322570800781,40.711540222167969,1,5,0.5,0.5,0,0,0.3,6.3
1,2015-01-15 22:24:59,2015-01-15 22:28:55,4,.30,-73.973068237304688,40.759780883789063,1,N,-73.972129821777344,40.755813598632812,2,4.5,0.5,0.5,0,0,0.3,5.8
2,2015-01-15 22:03:21,2015-01-15 22:28:37,1,18.90,-73.784889221191406,40.648693084716797,2,N,-73.94683837890625,40.776340484619141,1,52,0,0.5,12,5.33,0.3,70.13
1,2015-01-15 21:47:11,2015-01-15 22:28:33,1,10.60,-73.980751037597656,40.781517028808594,1,Y,-73.983253479003906,40.679111480712891,1,38,0.5,0.5,2,0,0.3,41.3
1,2015-01-15 22:25:03,2015-01-15 22:28:37,1,.50,-73.994804382324219,40.739055633544922,1,N,-73.987327575683594,40.736415863037109,1,4.5,0.5,0.5,1.16,0,0.3,6.96
1,2015-01-15 22:25:05,2015-01-15 22:28:21,2,.60,-73.939537048339844,40.750740051269531,1,Y,-73.949081420898437,40.754020690917969,2,4.5,0.5,0.5,0,0,0.3,5.8
1,2015-01-15 22:25:12,2015-01-15 22:28:50,1,.70,-74.005500793457031,40.750904083251953,1,N,-73.99273681640625,40.745269775390625,1,5,0.5,0.5,0.8,0,0.3,7.1
2,2015-01-15 22:03:29,2015-01-15 22:28:05,1,3.63,-73.958427429199219,40.708522796630859,1,N,-73.90606689453125,40.687969207763672,2,17.5,0.5,0.5,0,0,0.3,18.8
